Entry_Date,Entry_Label,Entry,Amount,Exit,Exit_Label,Exit_Date,High,Low,Duration,Max_Offset,Min_Offset,Max_Date,Min_Date,Drawdown,PnL
2009-07-06,Lex,1.0563,3313,1.0893,PnL,2009-07-06,1.0905,1.0454,1,0,0,2009-07-06,2009-07-06,0.0414,109.2959
2009-07-08,Lex,1.0413,1698,1.0192,50%,2009-07-10,1.0525,0.9866,3,2,0,2009-07-09,2009-07-08,0.0626,-37.6107
2009-07-08,Lex,1.0413,1699,1.0936,PnL,2009-07-13,1.0525,0.9866,4,2,0,2009-07-09,2009-07-08,0.0626,88.8917
2009-08-12,Lex,1.4624,2359,1.5196,PnL,2009-08-12,1.5519,1.4624,1,0,0,2009-08-12,2009-08-12,0.0577,134.9348
2009-09-02,Lex,1.4631,1780,1.4657,PnL,2009-09-02,1.4919,1.4535,1,0,0,2009-09-02,2009-09-02,0.0257,4.5924
2009-09-03,Lex,1.4896,1795,1.4981,PnL,2009-09-03,1.5061,1.4553,1,0,0,2009-09-03,2009-09-03,0.0337,15.2755
2009-09-28,Lex,1.7152,1775,1.7858,PnL,2009-09-28,1.7983,1.7152,1,0,0,2009-09-28,2009-09-28,0.0462,125.2262
2009-10-05,Lex,1.6165,1869,1.6687,PnL,2009-10-05,1.6822,1.6019,1,0,0,2009-10-05,2009-10-05,0.0477,97.487
2009-10-22,Lex,1.8713,1567,1.9285,PnL,2009-10-22,1.9471,1.8348,1,0,0,2009-10-22,2009-10-22,0.0577,89.6951
2009-10-26,Lex,1.869,779,1.6772,50%,2009-10-28,1.9264,1.7655,3,0,2,2009-10-26,2009-10-27,0.0835,-149.4278
2009-10-26,Lex,1.869,779,1.8031,Exp,2009-11-06,1.9264,1.6059,10,0,6,2009-10-26,2009-11-02,0.1664,-51.3673
2009-11-23,Lex,1.9817,1167,1.9886,PnL,2009-11-23,2.0285,1.9744,1,0,0,2009-11-23,2009-11-23,0.0267,8.0173
2009-11-30,Lex,1.9108,1634,1.9379,PnL,2009-11-30,1.9464,1.8876,1,0,0,2009-11-30,2009-11-30,0.0302,44.2324
2009-12-09,Lex,1.9141,1890,1.9352,PnL,2009-12-09,1.9453,1.8851,1,0,0,2009-12-09,2009-12-09,0.0309,39.8034
2009-12-10,Lex,1.9728,1908,1.9979,PnL,2009-12-11,1.9944,1.9602,2,0,0,2009-12-10,2009-12-10,0.0171,47.8908
2009-12-16,Lex,2.0335,988,1.975,50%,2009-12-18,2.05,1.9381,3,0,2,2009-12-16,2009-12-17,0.0546,-57.7486
2009-12-16,Lex,2.0335,989,2.0568,PnL,2009-12-22,2.0556,1.9268,5,4,3,2009-12-21,2009-12-18,0.0627,23.0931
2010-01-04,Lex,2.0916,2101,2.1411,PnL,2010-01-04,2.146,2.0905,1,0,0,2010-01-04,2010-01-04,0.0259,104.0415
2010-01-13,Lex,2.177,2134,2.2161,PnL,2010-01-13,2.2331,2.1441,1,0,0,2010-01-13,2010-01-13,0.0399,83.3754
2010-01-19,Lex,2.1545,2070,2.2395,PnL,2010-01-19,2.2529,2.1541,1,0,0,2010-01-19,2010-01-19,0.0439,175.9086
2010-01-25,Lex,1.9613,819,1.9397,50%,2010-01-27,1.9732,1.8984,3,2,2,2010-01-26,2010-01-26,0.0379,-17.7232
2010-01-25,Lex,1.9613,819,1.9654,PnL,2010-02-02,1.9732,1.8018,7,2,5,2010-01-26,2010-01-29,0.0869,3.3251
2010-02-08,Lex,1.7703,1451,1.7931,PnL,2010-02-09,1.7995,1.7237,2,0,0,2010-02-08,2010-02-08,0.0421,33.1263
2010-02-24,Lex,1.9378,1415,1.9748,PnL,2010-02-24,1.983,1.9245,1,0,0,2010-02-24,2010-02-24,0.0295,52.3975
2010-02-25,Lex,1.8893,1506,1.9682,PnL,2010-02-25,1.97,1.8736,1,0,0,2010-02-25,2010-02-25,0.0489,118.8385
2010-03-01,Lex,1.9942,1537,2.0317,PnL,2010-03-01,2.0381,1.9936,1,0,0,2010-03-01,2010-03-01,0.0218,57.576
2010-04-19,Lex,2.4634,2179,2.511,PnL,2010-04-19,2.5199,2.4296,1,0,0,2010-04-19,2010-04-19,0.0358,103.7204
2010-04-28,Lex,2.4613,1567,2.4764,PnL,2010-04-28,2.4994,2.414,1,0,0,2010-04-28,2010-04-28,0.0342,23.5834
2010-04-29,Lex,2.5262,1476,2.5712,PnL,2010-04-29,2.588,2.5232,1,0,0,2010-04-29,2010-04-29,0.025,66.4643
2010-05-03,Lex,2.478,1327,2.5387,PnL,2010-05-03,2.5567,2.4657,1,0,0,2010-05-03,2010-05-03,0.0356,80.602
2010-05-05,Lex,2.2956,1262,2.3162,PnL,2010-05-05,2.3737,2.2659,1,0,0,2010-05-05,2010-05-05,0.0454,26.0351
2010-05-06,Lex,2.2862,541,2.2521,50%,2010-05-10,2.3242,1.4543,3,0,0,2010-05-06,2010-05-06,0.3743,-18.4643
2010-05-06,Lex,2.2862,541,2.3273,PnL,2010-05-12,2.3242,1.4543,5,0,0,2010-05-06,2010-05-06,0.3743,22.2513
2010-05-17,Lex,2.1373,445,2.0011,50%,2010-05-19,2.1931,2.0009,3,2,0,2010-05-18,2010-05-17,0.0876,-60.5912
2010-05-17,Lex,2.1373,445,1.8513,Exp,2010-05-28,2.1931,1.6143,10,2,7,2010-05-18,2010-05-25,0.2639,-127.27
2010-06-02,Lex,1.7895,943,1.8969,PnL,2010-06-02,1.8991,1.7658,1,0,0,2010-06-02,2010-06-02,0.0702,101.2971
2010-06-07,Lex,1.7346,537,1.6748,50%,2010-06-09,1.7535,1.6126,3,0,2,2010-06-07,2010-06-08,0.0804,-32.1072
2010-06-07,Lex,1.7346,538,1.8257,PnL,2010-06-10,1.7839,1.6126,4,3,2,2010-06-09,2010-06-08,0.096,49.0226
2010-06-23,Lex,1.8701,518,1.7909,50%,2010-06-25,1.8896,1.7431,3,0,2,2010-06-23,2010-06-24,0.0775,-41.0049
2010-06-23,Lex,1.8701,519,1.6808,Exp,2010-07-07,1.8896,1.458,10,0,7,2010-06-23,2010-07-01,0.2284,-98.2623
2010-07-19,Lex,1.7197,1314,1.732,PnL,2010-07-19,1.7458,1.6786,1,0,0,2010-07-19,2010-07-19,0.0385,16.1491
2010-08-02,Lex,1.9602,1261,1.9977,PnL,2010-08-02,2.0075,1.9366,1,0,0,2010-08-02,2010-08-02,0.0353,47.3253
2010-08-12,Lex,1.7317,1641,1.7829,PnL,2010-08-12,1.8,1.7298,1,0,0,2010-08-12,2010-08-12,0.039,84.0848
2010-08-16,Lex,1.7306,1695,1.7628,PnL,2010-08-16,1.779,1.7102,1,0,0,2010-08-16,2010-08-16,0.0387,54.4943
2010-08-25,Lex,1.6003,1977,1.6434,PnL,2010-08-25,1.6641,1.57,1,0,0,2010-08-25,2010-08-25,0.0565,85.1296
2010-08-26,Lex,1.6659,1907,1.6871,PnL,2010-08-27,1.6759,1.5966,2,0,0,2010-08-26,2010-08-26,0.0473,40.5047
2010-08-30,Lex,1.6747,1990,1.7594,PnL,2010-09-01,1.6893,1.5768,3,0,2,2010-08-30,2010-08-31,0.0666,168.4734
2010-10-20,Lex,2.2251,2038,2.2755,PnL,2010-10-20,2.3069,2.2192,1,0,0,2010-10-20,2010-10-20,0.038,102.6541
2010-10-28,Lex,2.3403,1228,2.311,50%,2010-11-01,2.3461,2.2713,3,0,0,2010-10-28,2010-10-28,0.0319,-35.9804
2010-10-28,Lex,2.3403,1229,2.3635,PnL,2010-11-02,2.3827,2.2713,4,3,0,2010-11-01,2010-10-28,0.0468,28.5005
2010-11-10,Lex,2.4904,2344,2.5206,PnL,2010-11-10,2.5248,2.4342,1,0,0,2010-11-10,2010-11-10,0.0359,70.6716
2010-11-15,Lex,2.4279,1096,2.2851,50%,2010-11-17,2.4548,2.2487,3,0,2,2010-11-15,2010-11-16,0.084,-156.5088
2010-11-15,Lex,2.4279,1096,2.3339,Exp,2010-11-29,2.4548,2.2487,10,0,2,2010-11-15,2010-11-16,0.084,-103.0021
2010-12-16,Lex,2.6447,1561,2.6746,PnL,2010-12-16,2.6806,2.6063,1,0,0,2010-12-16,2010-12-16,0.0277,46.7207
2011-01-24,Lex,2.9421,2383,2.9978,PnL,2011-01-24,3.008,2.94,1,0,0,2011-01-24,2011-01-24,0.0226,132.8046
2011-01-31,Lex,2.9236,1895,2.9616,PnL,2011-01-31,2.9699,2.9009,1,0,0,2011-01-31,2011-01-31,0.0232,72.0479
2011-02-24,Lex,3.1066,1369,3.115,PnL,2011-02-24,3.1462,3.0224,1,0,0,2011-02-24,2011-02-24,0.0393,11.527
2011-03-02,Lex,3.0924,1505,3.1217,PnL,2011-03-02,3.168,3.0818,1,0,0,2011-03-02,2011-03-02,0.0272,44.0363
2011-03-03,Lex,3.2116,1292,3.2828,PnL,2011-03-03,3.2966,3.2083,1,0,0,2011-03-03,2011-03-03,0.0268,91.9775
2011-03-16,Lex,2.9032,1129,2.9072,PnL,2011-03-18,2.9288,2.7046,3,0,0,2011-03-16,2011-03-16,0.0766,4.5499
2011-03-21,Lex,3.0171,1048,3.0387,PnL,2011-03-21,3.0578,3.0041,1,0,0,2011-03-21,2011-03-21,0.0176,22.5949
2011-04-13,Lex,3.201,1051,3.1896,50%,2011-04-15,3.2079,3.0696,3,0,2,2011-04-13,2011-04-14,0.0431,-11.9709
2011-04-13,Lex,3.201,1052,3.2722,PnL,2011-04-20,3.2193,3.013,6,3,4,2011-04-15,2011-04-18,0.0641,74.9129
2011-05-04,Lex,3.4622,869,3.3438,50%,2011-05-06,3.4639,3.258,3,0,2,2011-05-04,2011-05-05,0.0594,-102.8635
2011-05-04,Lex,3.4622,870,3.4757,PnL,2011-05-10,3.4639,3.258,5,0,2,2011-05-04,2011-05-05,0.0594,11.7102
2011-05-16,Lex,3.2889,1564,3.3564,PnL,2011-05-18,3.3731,3.188,3,0,2,2011-05-16,2011-05-17,0.0549,105.6326
2011-06-02,Lex,3.1656,673,2.9565,50%,2011-06-06,3.1851,3.0309,3,0,2,2011-06-02,2011-06-03,0.0484,-140.7445
2011-06-02,Lex,3.1656,673,2.812,Exp,2011-06-15,3.1851,2.8197,10,0,8,2011-06-02,2011-06-13,0.1147,-237.9593
2011-06-16,Lex,2.8165,1299,2.8267,PnL,2011-06-16,2.8747,2.766,1,0,0,2011-06-16,2011-06-16,0.0378,13.2108
2011-07-13,Lex,3.1904,601,3.1571,50%,2011-07-15,3.2718,3.0899,3,0,2,2011-07-13,2011-07-14,0.0556,-20.0373
2011-07-13,Lex,3.1904,602,3.2315,PnL,2011-07-19,3.2718,3.0142,5,0,4,2011-07-13,2011-07-18,0.0787,24.7542
2011-07-28,Lex,3.0732,565,2.9434,50%,2011-08-01,3.1538,2.9154,3,0,2,2011-07-28,2011-07-29,0.0756,-73.3088
2011-07-28,Lex,3.0732,566,1.8762,Exp,2011-08-10,3.1538,1.7985,10,0,9,2011-07-28,2011-08-09,0.4297,-677.519
2011-08-11,Lex,1.9254,859,2.1264,PnL,2011-08-11,2.2078,1.9083,1,0,0,2011-08-11,2011-08-11,0.1357,172.6676
2011-08-22,Lex,1.9901,844,2.0503,PnL,2011-08-23,1.9925,1.8526,2,0,0,2011-08-22,2011-08-22,0.0702,50.8257
2011-09-06,Lex,1.9282,875,2.067,PnL,2011-09-06,2.0759,1.9282,1,0,0,2011-09-06,2011-09-06,0.0711,121.45
2011-09-22,Lex,1.8818,969,1.8867,PnL,2011-09-23,1.9311,1.778,2,0,0,2011-09-22,2011-09-22,0.0793,4.7384
2011-09-26,Lex,1.9449,978,2.0227,PnL,2011-09-26,2.0341,1.8643,1,0,0,2011-09-26,2011-09-26,0.0835,76.0591
2011-10-26,Lex,2.4302,770,2.6741,PnL,2011-10-27,2.4522,2.3073,2,0,0,2011-10-26,2011-10-26,0.0591,187.7953
2011-11-02,Lex,2.3789,782,2.3875,PnL,2011-11-02,2.4103,2.3207,1,0,0,2011-11-02,2011-11-02,0.0372,6.7017
2011-11-03,Lex,2.4717,748,2.5157,PnL,2011-11-03,2.5312,2.3651,1,0,0,2011-11-03,2011-11-03,0.0656,32.927
2011-11-07,Lex,2.4693,807,2.5157,PnL,2011-11-07,2.5239,2.396,1,0,0,2011-11-07,2011-11-07,0.0507,37.4609
2011-11-10,Lex,2.418,739,2.5271,PnL,2011-11-11,2.4245,2.3174,2,0,0,2011-11-10,2011-11-10,0.0442,80.6397
2011-11-17,Lex,2.3578,388,2.1171,50%,2011-11-21,2.3744,2.2059,3,0,0,2011-11-17,2011-11-17,0.071,-93.38
2011-11-17,Lex,2.3578,388,2.394,PnL,2011-11-30,2.3744,1.9384,9,0,6,2011-11-17,2011-11-25,0.1836,14.0378
2011-12-14,Lex,2.2486,458,2.2348,50%,2011-12-16,2.2808,2.1871,3,2,0,2011-12-15,2011-12-14,0.0411,-6.325
2011-12-14,Lex,2.2486,458,2.3602,PnL,2011-12-20,2.3081,2.1489,5,3,4,2011-12-16,2011-12-19,0.069,51.1082
2011-12-29,Lex,2.4323,1150,2.4815,PnL,2011-12-29,2.4876,2.4286,1,0,0,2011-12-29,2011-12-29,0.0237,56.603
2012-01-03,Lex,2.5764,1061,2.5976,PnL,2012-01-05,2.6118,2.5141,3,0,2,2012-01-03,2012-01-04,0.0374,22.4402
2012-02-16,Lex,2.9994,2058,3.0951,PnL,2012-02-16,3.1065,2.9847,1,0,0,2012-02-16,2012-02-16,0.0392,196.9094
2012-02-23,Lex,3.0918,2122,3.1407,PnL,2012-02-23,3.1435,3.0605,1,0,0,2012-02-23,2012-02-23,0.0264,103.7234
2012-03-07,Lex,3.0271,1963,3.0682,PnL,2012-03-07,3.0825,3.0169,1,0,0,2012-03-07,2012-03-07,0.0213,80.6989
2012-03-08,Lex,3.1244,1794,3.1602,PnL,2012-03-08,3.1777,3.1053,1,0,0,2012-03-08,2012-03-08,0.0228,64.2611
2012-03-26,Lex,3.4542,1360,3.5226,PnL,2012-03-26,3.549,3.4517,1,0,0,2012-03-26,2012-03-26,0.0274,92.9832
2012-03-29,Lex,3.378,1403,3.4212,PnL,2012-03-29,3.4359,3.3381,1,0,0,2012-03-29,2012-03-29,0.0285,60.6096
2012-04-09,Lex,3.2567,1513,3.2758,PnL,2012-04-09,3.3129,3.2453,1,0,0,2012-04-09,2012-04-09,0.0204,28.974
2012-04-11,Lex,3.2046,1545,3.3113,PnL,2012-04-12,3.2197,3.1659,2,0,0,2012-04-11,2012-04-11,0.0167,164.8051
2012-04-16,Lex,3.238,1357,3.3194,PnL,2012-04-17,3.251,3.1492,2,0,0,2012-04-16,2012-04-16,0.0313,110.4734
2012-05-07,Lex,3.1329,1357,3.172,PnL,2012-05-07,3.2054,3.1289,1,0,0,2012-05-07,2012-05-07,0.0239,53.0994
2012-05-10,Lex,3.1443,788,2.9668,50%,2012-05-14,3.1553,3.036,3,2,2,2012-05-11,2012-05-11,0.0378,-139.8464
2012-05-10,Lex,3.1443,789,2.8365,Exp,2012-05-23,3.1553,2.67,10,2,7,2012-05-11,2012-05-18,0.1538,-242.8226
2012-05-31,Lex,2.8007,762,2.5731,50%,2012-06-04,2.8471,2.5739,3,0,2,2012-05-31,2012-06-01,0.096,-173.416
2012-05-31,Lex,2.8007,762,2.8084,PnL,2012-06-06,2.8471,2.5116,5,0,3,2012-05-31,2012-06-04,0.1178,5.9055
2012-07-09,Lex,3.0517,535,2.965,50%,2012-07-11,3.1067,2.9345,3,2,2,2012-07-10,2012-07-10,0.0554,-46.3899
2012-07-09,Lex,3.0517,536,3.0709,PnL,2012-07-13,3.1067,2.8636,5,2,4,2012-07-10,2012-07-12,0.0783,10.2858
2012-08-01,Lex,3.2607,1211,3.3034,PnL,2012-08-03,3.2627,3.0448,3,0,2,2012-08-01,2012-08-02,0.0668,51.7581
2012-08-27,Lex,3.483,886,3.4533,50%,2012-08-29,3.4973,3.4142,3,0,2,2012-08-27,2012-08-28,0.0238,-26.2965
2012-08-27,Lex,3.483,887,3.6134,PnL,2012-09-06,3.4973,3.3535,8,0,6,2012-08-27,2012-09-04,0.0411,115.6471
2012-09-26,Lex,3.6957,1350,3.7392,PnL,2012-09-27,3.6957,3.6069,2,0,0,2012-09-26,2012-09-26,0.024,58.7655
2012-10-01,Lex,3.727,1327,3.7669,PnL,2012-10-03,3.815,3.6724,3,0,2,2012-10-01,2012-10-02,0.0374,52.9871
2012-10-10,Lex,3.6973,943,3.5898,50%,2012-10-12,3.718,3.6113,3,2,0,2012-10-11,2012-10-10,0.0287,-101.4102
2012-10-10,Lex,3.6973,944,3.7967,PnL,2012-10-16,3.718,3.5727,5,2,3,2012-10-11,2012-10-12,0.0391,93.7958
2012-10-24,Lex,3.5152,724,3.4708,50%,2012-10-26,3.5389,3.4154,3,2,2,2012-10-25,2012-10-25,0.0349,-32.1239
2012-10-24,Lex,3.5152,724,3.58,PnL,2012-11-01,3.5389,3.4008,5,2,3,2012-10-25,2012-10-26,0.039,46.908
2012-11-05,Lex,3.4684,1385,3.5042,PnL,2012-11-05,3.5283,3.4362,1,0,0,2012-11-05,2012-11-05,0.0261,49.6246
2012-11-08,Lex,3.3429,587,3.2358,50%,2012-11-12,3.3914,3.1874,3,0,2,2012-11-08,2012-11-09,0.0602,-62.8501
2012-11-08,Lex,3.3429,587,3.3177,Exp,2012-11-21,3.3914,2.9898,10,0,7,2012-11-08,2012-11-16,0.1184,-14.7924
2012-12-05,Lex,3.4488,1377,3.4521,PnL,2012-12-05,3.5046,3.3739,1,0,0,2012-12-05,2012-12-05,0.0373,4.5441
2012-12-17,Lex,3.5279,1954,3.6203,PnL,2012-12-17,3.6285,3.5242,1,0,0,2012-12-17,2012-12-17,0.0287,180.5691
2012-12-27,Lex,3.5465,1809,3.5949,PnL,2012-12-31,3.5677,3.4035,3,0,2,2012-12-27,2012-12-28,0.046,87.628
2013-02-21,Lex,4.2435,1455,4.32,PnL,2013-02-22,4.2447,4.1571,2,0,0,2013-02-21,2013-02-21,0.0206,111.3511
2013-02-25,Lex,4.3811,557,4.3131,50%,2013-02-27,4.4019,4.0524,3,0,2,2013-02-25,2013-02-26,0.0794,-37.8704
2013-02-25,Lex,4.3811,557,4.3934,PnL,2013-03-04,4.4019,4.0524,6,0,2,2013-02-25,2013-02-26,0.0794,6.8288
2013-04-04,Lex,4.6677,1513,4.7068,PnL,2013-04-04,4.7329,4.6364,1,0,0,2013-04-04,2013-04-04,0.0204,59.2037
2013-04-08,Lex,4.6522,1474,4.726,PnL,2013-04-08,4.737,4.6054,1,0,0,2013-04-08,2013-04-08,0.0278,108.7517
2013-04-18,Lex,4.6437,900,4.6494,PnL,2013-04-19,4.6445,4.4791,2,0,0,2013-04-18,2013-04-18,0.0356,5.121
2013-05-02,Lex,4.9338,826,5.0356,PnL,2013-05-02,5.0466,4.9224,1,0,0,2013-05-02,2013-05-02,0.0246,84.1033
2013-05-23,Lex,5.4512,1207,5.5832,PnL,2013-05-23,5.6268,5.4267,1,0,0,2013-05-23,2013-05-23,0.0356,159.2999
2013-05-28,Lex,5.7445,576,5.6182,50%,2013-05-30,5.8158,5.4654,3,0,2,2013-05-28,2013-05-29,0.0602,-72.7373
2013-05-28,Lex,5.7445,576,5.496,Exp,2013-06-10,5.8158,5.0576,10,0,8,2013-05-28,2013-06-06,0.1304,-143.1418
2013-06-12,Lex,5.4398,444,5.3314,50%,2013-06-14,5.4577,5.1497,3,2,2,2013-06-13,2013-06-13,0.0564,-48.1296
2013-06-12,Lex,5.4398,444,5.4544,PnL,2013-06-17,5.4748,5.1497,4,3,2,2013-06-14,2013-06-13,0.0594,6.5002
2013-06-20,Lex,5.1945,338,4.8042,50%,2013-06-24,5.2165,4.8458,3,0,2,2013-06-20,2013-06-21,0.0711,-131.918
2013-06-20,Lex,5.1945,339,5.2072,PnL,2013-07-01,5.2504,4.6836,8,6,3,2013-06-27,2013-06-24,0.108,4.3189
2013-07-17,Lex,5.8855,704,5.9539,PnL,2013-07-18,5.9124,5.8366,2,0,0,2013-07-17,2013-07-17,0.0128,48.1747
2013-07-25,Lex,5.8838,1270,5.9588,PnL,2013-07-25,5.9751,5.8561,1,0,0,2013-07-25,2013-07-25,0.0199,95.2754
2013-08-07,Lex,5.9808,1302,6.0452,PnL,2013-08-08,6.0037,5.9115,2,0,0,2013-08-07,2013-08-07,0.0154,83.8879
2013-08-12,Lex,5.9034,1327,5.9662,PnL,2013-08-12,5.9898,5.892,1,0,0,2013-08-12,2013-08-12,0.0163,83.2825
2013-08-19,Lex,5.6083,651,5.495,50%,2013-08-21,5.6621,5.5146,3,0,0,2013-08-19,2013-08-19,0.0261,-73.7583
2013-08-19,Lex,5.6083,651,5.6368,PnL,2013-08-22,5.6621,5.4559,4,0,3,2013-08-19,2013-08-21,0.0364,18.573
2013-08-28,Lex,5.354,1123,5.4151,PnL,2013-08-28,5.4746,5.3336,1,0,0,2013-08-28,2013-08-28,0.0258,68.6265
2013-08-29,Lex,5.3792,1122,5.4469,PnL,2013-08-29,5.5284,5.3695,1,0,0,2013-08-29,2013-08-29,0.0287,75.9594
2013-09-03,Lex,5.5455,1066,5.6002,PnL,2013-09-04,5.5806,5.3964,2,0,0,2013-09-03,2013-09-03,0.033,58.2569
2013-09-26,Lex,6.0441,1217,6.0849,PnL,2013-09-26,6.1339,6.0156,1,0,0,2013-09-26,2013-09-26,0.0193,49.6901
2013-09-30,Lex,5.846,1203,5.8974,PnL,2013-09-30,5.9593,5.8109,1,0,0,2013-09-30,2013-09-30,0.0249,61.7741
2013-10-09,Lex,5.6633,1073,6.0009,PnL,2013-10-10,5.7032,5.532,2,0,0,2013-10-09,2013-10-09,0.03,362.277
2013-11-21,Lex,7.0742,967,7.181,PnL,2013-11-21,7.1957,7.0579,1,0,0,2013-11-21,2013-11-21,0.0192,103.3239
2013-12-04,Lex,7.075,1031,7.146,PnL,2013-12-04,7.239,6.9869,1,0,0,2013-12-04,2013-12-04,0.0348,73.1804
2013-12-05,Lex,7.1134,1176,7.2903,PnL,2013-12-06,7.1525,7.0408,2,0,0,2013-12-05,2013-12-05,0.0156,208.0814
2013-12-11,Lex,7.2773,566,6.9429,50%,2013-12-13,7.2806,6.9103,3,0,2,2013-12-11,2013-12-12,0.0509,-189.2647
2013-12-11,Lex,7.2773,566,7.3686,PnL,2013-12-18,7.2806,6.9103,6,0,2,2013-12-11,2013-12-12,0.0509,51.6928
2014-01-06,Lex,7.6997,853,7.7063,PnL,2014-01-08,7.7365,7.5244,3,2,0,2014-01-07,2014-01-06,0.0274,5.6042
2014-01-27,Lex,7.1321,386,6.9119,50%,2014-01-29,7.1811,6.8956,3,0,0,2014-01-27,2014-01-27,0.0398,-84.9933
2014-01-27,Lex,7.1321,387,7.146,PnL,2014-01-30,7.1811,6.8646,4,0,3,2014-01-27,2014-01-29,0.0441,5.3716
2014-02-20,Lex,7.5986,519,7.6916,PnL,2014-02-20,7.7528,7.5179,1,0,0,2014-02-20,2014-02-20,0.0303,48.267
2014-03-17,Lex,7.8661,888,7.9558,PnL,2014-03-17,8.017,7.8604,1,0,0,2014-03-17,2014-03-17,0.0195,79.6891
2014-04-07,Lex,7.995,756,8.1402,PnL,2014-04-09,8.0366,7.6957,3,0,2,2014-04-07,2014-04-08,0.0424,109.741
2014-04-14,Lex,7.5913,649,7.7462,PnL,2014-04-15,7.6451,7.4086,2,0,0,2014-04-14,2014-04-14,0.0309,100.5561
2014-05-19,Lex,8.1695,1014,8.3098,PnL,2014-05-19,8.3269,8.1467,1,0,0,2014-05-19,2014-05-19,0.0216,142.2541
2014-06-12,Lex,9.1009,475,9.0422,50%,2014-06-16,9.118,8.8831,3,0,0,2014-06-12,2014-06-12,0.0258,-27.8967
2014-06-12,Lex,9.1009,475,9.1148,PnL,2014-06-17,9.118,8.8831,4,0,0,2014-06-12,2014-06-12,0.0258,6.5788
2014-06-25,Lex,9.1665,942,9.3501,PnL,2014-06-25,9.3795,9.1665,1,0,0,2014-06-25,2014-06-25,0.0227,172.97
2014-07-09,Lex,9.5044,919,9.5648,PnL,2014-07-09,9.5884,9.4497,1,0,0,2014-07-09,2014-07-09,0.0145,55.4708
2014-07-10,Lex,9.2897,944,9.4497,PnL,2014-07-10,9.5256,9.2636,1,0,0,2014-07-10,2014-07-10,0.0275,151.0306
2014-07-14,Lex,9.63,920,9.6823,PnL,2014-07-16,9.7059,9.4554,3,2,2,2014-07-15,2014-07-15,0.0258,48.0976
2014-08-04,Lex,8.9282,723,9.062,PnL,2014-08-04,9.1216,8.8123,1,0,0,2014-08-04,2014-08-04,0.0339,96.7663
2014-08-06,Lex,8.6785,728,8.8025,PnL,2014-08-06,8.92,8.6719,1,0,0,2014-08-06,2014-08-06,0.0278,90.2866
2014-08-07,Lex,8.9241,709,8.96,PnL,2014-08-08,8.9527,8.5993,2,0,0,2014-08-07,2014-08-07,0.0395,25.4744
2014-08-13,Lex,9.1135,667,9.1975,PnL,2014-08-13,9.2155,9.0669,1,0,0,2014-08-13,2014-08-13,0.0161,56.0413
2014-09-10,Lex,9.8333,921,9.932,PnL,2014-09-10,9.9443,9.7312,1,0,0,2014-09-10,2014-09-10,0.0214,90.9119
2014-09-15,Lex,9.7876,930,9.9834,PnL,2014-09-16,9.8104,9.6733,2,0,0,2014-09-15,2014-09-15,0.014,182.1219
2014-09-24,Lex,9.7501,945,9.9755,PnL,2014-09-24,9.9885,9.6733,1,0,0,2014-09-24,2014-09-24,0.0316,212.9841
2014-09-29,Lex,9.4618,780,9.6627,PnL,2014-09-29,9.7101,9.439,1,0,0,2014-09-29,2014-09-29,0.0279,156.7254
2014-10-02,Lex,9.172,750,9.1924,PnL,2014-10-02,9.2912,8.9123,1,0,0,2014-10-02,2014-10-02,0.0408,15.2775
2014-10-08,Lex,9.0364,570,9.5043,PnL,2014-10-08,9.5345,8.8968,1,0,0,2014-10-08,2014-10-08,0.0669,266.7087
2014-10-13,Lex,8.6036,261,8.0402,50%,2014-10-15,8.7065,8.1463,3,0,2,2014-10-13,2014-10-14,0.0643,-147.0578
2014-10-13,Lex,8.6036,261,9.0797,PnL,2014-10-21,8.7065,7.4702,7,0,3,2014-10-13,2014-10-15,0.142,124.2569
2014-11-05,Lex,10.2891,493,10.392,PnL,2014-11-06,10.3005,10.1282,2,0,0,2014-11-05,2014-11-05,0.0167,50.7051
2014-12-11,Lex,10.463,852,10.5022,PnL,2014-12-11,10.8149,10.436,1,0,0,2014-12-11,2014-12-11,0.035,33.3814
2014-12-15,Lex,10.169,353,10.1404,50%,2014-12-17,10.2441,9.546,3,0,2,2014-12-15,2014-12-16,0.0681,-10.0817
2014-12-15,Lex,10.169,354,10.8631,PnL,2014-12-18,10.2441,9.546,4,0,2,2014-12-15,2014-12-16,0.0681,245.7185
2014-12-31,Lex,11.2358,211,10.2287,50%,2015-01-05,11.2636,10.6211,3,0,2,2014-12-31,2015-01-02,0.057,-212.496
2014-12-31,Lex,11.2358,212,10.0759,Exp,2015-01-14,11.2636,9.7996,10,0,4,2014-12-31,2015-01-06,0.13,-245.9094
2015-01-15,Lex,10.187,450,10.2467,PnL,2015-01-20,10.2459,9.7301,3,0,2,2015-01-15,2015-01-16,0.0503,26.865
2015-01-28,Lex,10.5492,211,9.8134,50%,2015-01-30,10.5671,9.7162,3,0,2,2015-01-28,2015-01-29,0.0805,-155.2433
2015-01-28,Lex,10.5492,212,10.617,PnL,2015-02-03,10.5671,9.587,5,0,4,2015-01-28,2015-02-02,0.0928,14.3736
2015-03-05,Lex,11.5162,410,11.1385,50%,2015-03-09,11.5423,10.9383,3,0,2,2015-03-05,2015-03-06,0.0523,-154.8447
2015-03-05,Lex,11.5162,410,11.4353,Exp,2015-03-18,11.5423,10.5042,10,0,5,2015-03-05,2015-03-11,0.0899,-33.1813
2015-03-25,Lex,11.3644,225,10.812,50%,2015-03-27,11.4053,10.5666,3,0,2,2015-03-25,2015-03-26,0.0735,-124.2788
2015-03-25,Lex,11.3644,225,11.159,Exp,2015-04-08,11.4053,10.5666,10,0,2,2015-03-25,2015-03-26,0.0735,-46.2195
2015-04-20,Lex,11.3218,571,11.4421,PnL,2015-04-20,11.5067,11.3046,1,0,0,2015-04-20,2015-04-20,0.0176,68.6856
2015-04-30,Lex,11.4437,717,11.5616,PnL,2015-05-01,11.5174,11.0714,2,0,0,2015-04-30,2015-04-30,0.0387,84.4985
2015-05-06,Lex,11.3758,624,11.6957,PnL,2015-05-08,11.4306,10.9209,3,0,0,2015-05-06,2015-05-06,0.0446,199.6426
2015-05-13,Lex,11.5116,570,11.7956,PnL,2015-05-14,11.6311,11.3905,2,0,0,2015-05-13,2015-05-13,0.0207,161.8572
2015-06-08,Lex,11.3439,790,11.555,PnL,2015-06-10,11.3717,11.0297,3,0,2,2015-06-08,2015-06-09,0.0301,166.7769
2015-06-25,Lex,11.7325,338,10.793,50%,2015-06-29,11.7505,11.4068,3,0,2,2015-06-25,2015-06-26,0.0292,-317.5476
2015-06-25,Lex,11.7325,339,10.6817,Exp,2015-07-09,11.7505,10.5737,10,0,8,2015-06-25,2015-07-07,0.1001,-356.2178
2015-07-22,Lex,11.6278,475,11.6932,PnL,2015-07-22,11.7685,11.6245,1,0,0,2015-07-22,2015-07-22,0.0122,31.084
2015-07-23,Lex,11.7342,234,10.9518,50%,2015-07-27,11.7473,11.0844,3,0,2,2015-07-23,2015-07-24,0.0564,-183.0863
2015-07-23,Lex,11.7342,234,11.4625,Exp,2015-08-05,11.7473,10.8699,10,0,3,2015-07-23,2015-07-27,0.0747,-63.5872
2015-08-10,Lex,11.3315,636,11.5312,PnL,2015-08-10,11.5525,11.3315,1,0,0,2015-08-10,2015-08-10,0.0191,127.0092
2015-08-12,Lex,10.9714,658,11.2529,PnL,2015-08-12,11.2988,10.6932,1,0,0,2015-08-12,2015-08-12,0.0536,185.2533
2015-08-13,Lex,11.2431,651,11.3381,PnL,2015-08-14,11.3643,11.1171,2,0,0,2015-08-13,2015-08-13,0.0218,61.819
2015-08-24,Lex,7.9728,451,8.3869,PnL,2015-08-24,9.2233,7.0382,1,0,0,2015-08-24,2015-08-24,0.2369,186.7681
2015-09-02,Lex,8.9042,268,9.0056,PnL,2015-09-02,9.0122,8.6095,1,0,0,2015-09-02,2015-09-02,0.0447,27.1832
2015-09-03,Lex,9.1284,261,9.2692,PnL,2015-09-08,9.3723,8.4802,3,0,2,2015-09-03,2015-09-04,0.0952,36.7358
2015-09-10,Lex,8.8567,267,9.0367,PnL,2015-09-10,9.225,8.8207,1,0,0,2015-09-10,2015-09-10,0.0438,48.068
2015-09-23,Lex,8.9205,181,8.7372,50%,2015-09-25,8.9942,8.4311,3,0,2,2015-09-23,2015-09-24,0.0626,-33.1773
2015-09-23,Lex,8.9205,181,8.9827,PnL,2015-10-02,9.0351,7.945,8,3,5,2015-09-25,2015-09-29,0.1207,11.2618
2015-10-14,Lex,9.7095,428,10.0204,PnL,2015-10-15,9.8191,9.5392,2,0,0,2015-10-14,2015-10-14,0.0285,133.0823
2015-10-22,Lex,10.1252,427,10.4493,PnL,2015-10-22,10.4918,10.099,1,0,0,2015-10-22,2015-10-22,0.0374,138.3822
2015-10-28,Lex,10.721,536,11.0172,PnL,2015-10-28,11.0254,10.5999,1,0,0,2015-10-28,2015-10-28,0.0386,158.79
2015-11-16,Lex,9.9812,544,10.4673,PnL,2015-11-16,10.4722,9.9599,1,0,0,2015-11-16,2015-11-16,0.0489,264.433
2015-12-03,Lex,10.9501,521,11.0434,PnL,2015-12-04,10.9911,10.3036,2,0,0,2015-12-03,2015-12-03,0.0626,48.6301
2015-12-09,Lex,10.5049,235,9.8289,50%,2015-12-11,10.8896,10.1907,3,0,0,2015-12-09,2015-12-09,0.0642,-158.8506
2015-12-09,Lex,10.5049,236,10.757,PnL,2015-12-16,10.8896,9.5638,6,0,4,2015-12-09,2015-12-14,0.1217,59.4956
2016-01-04,Lex,9.737,453,9.8288,PnL,2016-01-04,9.8321,9.4647,1,0,0,2016-01-04,2016-01-04,0.0374,41.5945
2016-01-11,Lex,8.6675,477,8.7626,PnL,2016-01-12,8.7249,8.2492,2,0,0,2016-01-11,2016-01-11,0.0545,45.3675
2016-01-14,Lex,8.2016,466,8.4969,PnL,2016-01-14,8.674,7.9523,1,0,0,2016-01-14,2016-01-14,0.0832,137.5958
2016-01-19,Lex,8.2295,234,7.7948,50%,2016-01-21,8.2426,7.0895,3,0,2,2016-01-19,2016-01-20,0.1399,-101.7151
2016-01-19,Lex,8.2295,235,8.2869,PnL,2016-01-22,8.2426,7.0895,4,0,2,2016-01-19,2016-01-20,0.1399,13.4914
2016-02-03,Lex,8.3607,381,8.3755,PnL,2016-02-04,8.4017,7.7997,2,0,0,2016-02-03,2016-02-03,0.0717,5.635
2016-02-08,Lex,7.6177,212,7.5619,50%,2016-02-10,7.762,7.2535,3,2,0,2016-02-09,2016-02-08,0.0655,-11.8317
2016-02-08,Lex,7.6177,213,7.7144,PnL,2016-02-12,7.9359,7.0501,5,3,4,2016-02-10,2016-02-11,0.1116,20.6056
2016-02-24,Lex,8.1868,465,8.5379,PnL,2016-02-24,8.5723,8.0212,1,0,0,2016-02-24,2016-02-24,0.0643,163.2522
2016-02-25,Lex,8.6019,440,8.8381,PnL,2016-02-25,8.8413,8.4821,1,0,0,2016-02-25,2016-02-25,0.0406,103.9104
2016-03-09,Lex,9.3498,481,9.3646,PnL,2016-03-10,9.4023,9.2137,2,0,0,2016-03-09,2016-03-09,0.0201,7.1188
2016-03-28,Lex,10.0962,644,10.3308,PnL,2016-03-29,10.1274,9.9617,2,0,0,2016-03-28,2016-03-28,0.0164,151.0566
2016-04-06,Lex,10.1864,798,10.4899,PnL,2016-04-06,10.5079,10.1372,1,0,0,2016-04-06,2016-04-06,0.0353,242.1691
2016-04-11,Lex,10.3226,826,10.4177,PnL,2016-04-12,10.4341,10.1142,2,0,0,2016-04-11,2016-04-11,0.0307,78.5443
2016-05-02,Lex,10.5522,779,10.6998,PnL,2016-05-02,10.7376,10.4718,1,0,0,2016-05-02,2016-05-02,0.0248,115.0038
2016-05-04,Lex,10.2438,887,10.2487,PnL,2016-05-05,10.3767,10.1602,2,0,0,2016-05-04,2016-05-04,0.0209,4.3818
2016-05-09,Lex,10.3209,961,10.3882,PnL,2016-05-09,10.4538,10.2996,1,0,0,2016-05-09,2016-05-09,0.0148,64.6465
2016-05-16,Lex,10.2241,801,10.4915,PnL,2016-05-16,10.5801,10.2159,1,0,0,2016-05-16,2016-05-16,0.0344,214.1874
2016-05-18,Lex,10.1388,792,10.2192,PnL,2016-05-18,10.4144,10.0207,1,0,0,2016-05-18,2016-05-18,0.0378,63.6847
2016-06-13,Lex,10.8557,426,10.6112,50%,2016-06-15,11.0213,10.4849,3,0,2,2016-06-13,2016-06-14,0.0487,-104.1357
2016-06-13,Lex,10.8557,427,10.8803,PnL,2016-06-21,11.0591,10.2766,7,6,4,2016-06-20,2016-06-16,0.0708,10.4871
2016-06-27,Lex,9.7935,505,9.9988,PnL,2016-06-28,9.7935,9.3616,2,0,0,2016-06-27,2016-06-27,0.0441,103.6765
2016-08-03,Lex,11.8678,902,11.9926,PnL,2016-08-03,12.0025,11.8186,1,0,0,2016-08-03,2016-08-03,0.0153,112.6147
2016-08-04,Lex,12.014,896,12.0354,PnL,2016-08-04,12.0895,11.9335,1,0,0,2016-08-04,2016-08-04,0.0129,19.1296
2016-08-11,Lex,12.3375,874,12.4049,PnL,2016-08-11,12.4492,12.2817,1,0,0,2016-08-11,2016-08-11,0.0135,58.8901
2016-08-17,Lex,12.2833,880,12.3441,PnL,2016-08-17,12.372,12.1191,1,0,0,2016-08-17,2016-08-17,0.0204,53.5128
2016-08-18,Lex,12.3441,879,12.4312,PnL,2016-08-18,12.4377,12.3195,1,0,0,2016-08-18,2016-08-18,0.0095,76.5257
2016-08-22,Lex,12.3277,884,12.3704,PnL,2016-08-22,12.4147,12.2521,1,0,0,2016-08-22,2016-08-22,0.0131,37.738
2016-08-29,Lex,12.1799,896,12.331,PnL,2016-08-29,12.3852,12.1766,1,0,0,2016-08-29,2016-08-29,0.0168,135.3677
2016-09-01,Lex,12.1717,903,12.3277,PnL,2016-09-02,12.2242,11.9384,2,0,0,2016-09-01,2016-09-01,0.0234,140.859
2016-09-12,Lex,11.3144,683,11.9467,PnL,2016-09-12,12.0304,11.2996,1,0,0,2016-09-12,2016-09-12,0.0607,431.8336
2016-10-05,Lex,11.9226,496,11.9718,PnL,2016-10-05,12.0441,11.916,1,0,0,2016-10-05,2016-10-05,0.0106,24.428
2016-10-10,Lex,12.0441,385,11.645,50%,2016-10-12,12.1361,11.4511,3,0,2,2016-10-10,2016-10-11,0.0564,-153.6689
2016-10-10,Lex,12.0441,385,11.6614,Exp,2016-10-21,12.1361,11.2261,10,0,4,2016-10-10,2016-10-13,0.075,-147.3472
2016-10-26,Lex,11.5447,968,11.6351,PnL,2016-10-26,11.7353,11.4955,1,0,0,2016-10-26,2016-10-26,0.0204,87.5072
2016-10-27,Lex,11.7649,477,11.4166,50%,2016-10-31,11.7665,11.3,3,0,2,2016-10-27,2016-10-28,0.0396,-166.1296
2016-10-27,Lex,11.7649,477,12.0376,PnL,2016-11-09,11.7665,10.7612,10,0,7,2016-10-27,2016-11-04,0.0854,130.054
2016-12-01,Lex,12.7373,679,12.7669,PnL,2016-12-05,12.7406,12.4679,3,0,0,2016-12-01,2016-12-01,0.0214,20.1052
2016-12-29,Lex,13.6014,825,13.7246,PnL,2017-01-03,13.6704,13.2827,3,0,2,2016-12-29,2016-12-30,0.0284,101.6317
2017-01-11,Lex,13.9119,811,14.0416,PnL,2017-01-11,14.0466,13.7772,1,0,0,2017-01-11,2017-01-11,0.0192,105.211
2017-03-09,Lex,15.8124,717,15.8469,PnL,2017-03-09,15.9225,15.6268,1,0,0,2017-03-09,2017-03-09,0.0186,24.758
2017-03-15,Lex,15.9816,710,16.2395,PnL,2017-03-15,16.3529,15.9258,1,0,0,2017-03-15,2017-03-15,0.0261,183.1303
2017-03-22,Lex,15.4051,691,15.5069,PnL,2017-03-22,15.5726,15.2638,1,0,0,2017-03-22,2017-03-22,0.0198,70.3438
2017-03-23,Lex,15.4494,692,15.4543,PnL,2017-03-23,15.7139,15.3722,1,0,0,2017-03-23,2017-03-23,0.0217,3.4116
2017-03-27,Lex,15.0272,717,15.3673,PnL,2017-03-27,15.4313,14.973,1,0,0,2017-03-27,2017-03-27,0.0297,243.8302
2017-04-17,Lex,15.2375,765,15.52,PnL,2017-04-17,15.52,15.1931,1,0,0,2017-04-17,2017-04-17,0.0211,216.1431
2017-05-15,Lex,16.4514,716,16.6141,PnL,2017-05-15,16.6502,16.4514,1,0,0,2017-05-15,2017-05-15,0.0119,116.4646
2017-05-18,Lex,15.6646,686,15.8683,PnL,2017-05-18,16.067,15.6153,1,0,0,2017-05-18,2017-05-18,0.0281,139.7245
2017-05-22,Lex,16.2954,716,16.4366,PnL,2017-05-22,16.4679,16.2872,1,0,0,2017-05-22,2017-05-22,0.011,101.135
2017-06-07,Lex,17.2596,632,17.2646,PnL,2017-06-07,17.3171,17.0921,1,0,0,2017-06-07,2017-06-07,0.013,3.1347
2017-06-08,Lex,17.281,635,17.2859,PnL,2017-06-08,17.4058,17.1594,1,0,0,2017-06-08,2017-06-08,0.0142,3.1242
2017-06-12,Lex,17.1414,652,17.1906,PnL,2017-06-12,17.2104,16.9935,1,0,0,2017-06-12,2017-06-12,0.0126,32.1045
2017-06-21,Lex,17.4288,345,17.3845,50%,2017-06-23,17.4666,17.2251,3,0,0,2017-06-21,2017-06-21,0.0138,-15.2904
2017-06-21,Lex,17.4288,345,17.258,Exp,2017-07-05,17.6342,16.6716,10,4,7,2017-06-26,2017-06-29,0.0546,-58.9294
2017-07-10,Lex,17.0773,671,17.1545,PnL,2017-07-10,17.2514,17.0362,1,0,0,2017-07-10,2017-07-10,0.0125,51.8012
2017-08-09,Lex,17.9791,668,18.1401,PnL,2017-08-09,18.1565,17.8839,1,0,0,2017-08-09,2017-08-09,0.015,107.5547
2017-08-10,Lex,17.9315,673,17.9643,PnL,2017-08-14,17.9594,17.3664,3,0,0,2017-08-10,2017-08-10,0.033,22.1013
2017-08-21,Lex,17.1052,635,17.1627,PnL,2017-08-21,17.2136,16.9278,1,0,0,2017-08-21,2017-08-21,0.0166,36.5252
2017-10-26,Lex,20.1885,600,20.5943,PnL,2017-10-27,20.2608,20.0686,2,0,0,2017-10-26,2017-10-26,0.0095,243.468
2017-11-13,Lex,20.4596,599,20.6978,PnL,2017-11-13,20.7602,20.4432,1,0,0,2017-11-13,2017-11-13,0.0153,142.6638
2017-11-16,Lex,20.4793,602,20.7339,PnL,2017-11-16,20.8489,20.4793,1,0,0,2017-11-16,2017-11-16,0.0177,153.2692
2017-12-06,Lex,21.7277,572,21.8148,PnL,2017-12-06,21.9478,21.69,1,0,0,2017-12-06,2017-12-06,0.0117,49.8155
2017-12-07,Lex,21.7852,572,22.0201,PnL,2017-12-07,22.1105,21.7474,1,0,0,2017-12-07,2017-12-07,0.0164,134.38
2017-12-20,Lex,23.4033,268,23.1815,50%,2017-12-22,23.4197,22.9926,3,0,0,2017-12-20,2017-12-20,0.0182,-59.4424
2017-12-20,Lex,23.4033,268,23.4936,PnL,2018-01-02,23.4246,22.9367,8,7,7,2017-12-29,2017-12-29,0.0208,24.2004
2018-01-31,Lex,27.1765,406,27.2159,PnL,2018-01-31,27.3408,26.5917,1,0,0,2018-01-31,2018-01-31,0.0274,16.0045
2018-02-01,Lex,26.6705,400,26.8348,PnL,2018-02-01,27.2619,26.5901,1,0,0,2018-02-01,2018-02-01,0.0246,65.728
2018-02-05,Lex,24.4924,102,22.8447,50%,2018-02-07,25.179,20.6173,3,0,2,2018-02-05,2018-02-06,0.1812,-168.0613
2018-02-05,Lex,24.4924,103,24.0488,Exp,2018-02-16,25.179,19.1569,10,0,5,2018-02-05,2018-02-09,0.2392,-45.6877
2018-02-22,Lex,23.5215,156,24.4546,PnL,2018-02-23,24.0127,23.1371,2,0,0,2018-02-22,2018-02-22,0.0365,145.5589
2018-02-28,Lex,24.6698,72,22.9236,50%,2018-03-02,24.8061,22.1121,3,0,2,2018-02-28,2018-03-01,0.1086,-125.7264
2018-02-28,Lex,24.6698,72,25.4352,PnL,2018-03-09,24.8061,21.8246,8,0,3,2018-02-28,2018-03-02,0.1202,55.1124
2018-03-14,Lex,25.1412,129,24.4562,50%,2018-03-16,25.1987,24.223,3,0,2,2018-03-14,2018-03-15,0.0387,-88.3637
2018-03-14,Lex,25.1412,129,20.7916,Exp,2018-03-27,25.1987,20.2261,10,0,8,2018-03-14,2018-03-23,0.1973,-561.0997
2018-04-25,Lex,21.1055,245,21.288,PnL,2018-04-25,21.4047,20.6141,1,0,0,2018-04-25,2018-04-25,0.0369,44.7101
2018-04-26,Lex,21.5526,245,21.9373,PnL,2018-04-26,22.1477,21.4359,1,0,0,2018-04-26,2018-04-26,0.0321,94.2441
2018-05-03,Lex,20.8836,374,20.979,PnL,2018-05-03,21.1696,20.1357,1,0,0,2018-05-03,2018-05-03,0.0488,35.6684
2018-05-16,Lex,23.0189,367,23.3049,PnL,2018-05-16,23.4396,23.0189,1,0,0,2018-05-16,2018-05-16,0.0179,104.9473
2018-05-17,Lex,23.2145,383,23.249,PnL,2018-05-17,23.5564,23.0205,1,0,0,2018-05-17,2018-05-17,0.0227,13.202
2018-05-21,Lex,23.489,426,23.5843,PnL,2018-05-21,23.7437,23.3838,1,0,0,2018-05-21,2018-05-21,0.0152,40.5935
2018-05-23,Lex,22.9958,455,23.5646,PnL,2018-05-23,23.5794,22.9597,1,0,0,2018-05-23,2018-05-23,0.0263,258.7904
2018-05-29,Lex,22.7674,434,23.3295,PnL,2018-05-30,22.9794,22.1115,2,0,0,2018-05-29,2018-05-29,0.0378,243.9557
2018-06-14,Lex,24.8582,421,24.8631,PnL,2018-06-14,25.016,24.6757,1,0,0,2018-06-14,2018-06-14,0.0136,2.0713
2018-06-25,Lex,23.7323,211,22.6612,50%,2018-06-27,23.7817,22.602,3,0,0,2018-06-25,2018-06-25,0.0496,-226.0
2018-06-25,Lex,23.7323,212,24.147,PnL,2018-07-06,23.8212,22.4292,9,3,4,2018-06-27,2018-06-28,0.0584,87.9058
2018-08-13,Lex,26.151,478,26.2744,PnL,2018-08-14,26.3435,25.682,2,0,0,2018-08-13,2018-08-13,0.0251,58.9709
2018-09-10,Lex,27.4936,456,27.5972,PnL,2018-09-11,27.5627,27.2369,2,0,0,2018-09-10,2018-09-10,0.0118,47.2507
2018-09-27,Lex,28.2378,445,28.3169,PnL,2018-09-27,28.6774,28.1588,1,0,0,2018-09-27,2018-09-27,0.0181,35.1817
2018-10-08,Lex,27.2253,463,27.4426,PnL,2018-10-08,27.5612,26.7807,1,0,0,2018-10-08,2018-10-08,0.0283,100.6145
2018-10-11,Lex,24.405,136,23.6295,50%,2018-10-15,24.8544,22.5873,3,0,0,2018-10-11,2018-10-11,0.0912,-105.4694
2018-10-11,Lex,24.405,137,25.1113,PnL,2018-10-16,24.8544,22.5873,4,0,0,2018-10-11,2018-10-11,0.0912,96.759
2018-10-24,Lex,23.2541,103,21.1352,50%,2018-10-26,23.3578,21.0512,3,0,0,2018-10-24,2018-10-24,0.0988,-218.2508
2018-10-24,Lex,23.2541,103,23.4862,PnL,2018-11-06,23.5307,19.8361,10,8,4,2018-11-02,2018-10-29,0.157,23.9114
2018-11-15,Lex,21.7921,207,22.8392,PnL,2018-11-15,22.9577,21.3624,1,0,0,2018-11-15,2018-11-15,0.0695,216.7497
2018-11-21,Lex,20.9919,244,21.3722,PnL,2018-11-26,21.308,20.3547,3,0,2,2018-11-21,2018-11-23,0.0447,92.803
2018-12-06,Lex,20.8092,224,21.797,PnL,2018-12-06,21.802,19.9744,1,0,0,2018-12-06,2018-12-06,0.0838,221.2717
2018-12-10,Lex,20.1918,219,20.3646,PnL,2018-12-10,20.6067,19.1051,1,0,0,2018-12-10,2018-12-10,0.0729,37.8498
2018-12-20,Lex,17.1294,130,14.3239,50%,2018-12-24,17.4949,15.4105,3,0,2,2018-12-20,2018-12-21,0.1191,-364.715
2018-12-20,Lex,17.1294,130,17.2406,PnL,2018-12-31,17.5133,14.202,7,6,4,2018-12-28,2018-12-26,0.1891,14.4599
2019-02-27,Lex,23.3329,504,23.5014,PnL,2019-02-27,23.6055,23.0701,1,0,0,2019-02-27,2019-02-27,0.0227,84.919
2019-02-28,Lex,23.4171,517,23.8087,PnL,2019-03-01,23.546,23.2684,2,0,0,2019-02-28,2019-02-28,0.0118,202.4675
2019-03-11,Lex,22.4505,448,23.2535,PnL,2019-03-11,23.2783,22.4505,1,0,0,2019-03-11,2019-03-11,0.0356,359.7574
2019-03-25,Lex,23.5511,368,23.5958,PnL,2019-03-25,23.8739,23.2382,1,0,0,2019-03-25,2019-03-25,0.0266,16.4312
2019-04-10,Lex,25.7711,368,25.9151,PnL,2019-04-10,25.935,25.6519,1,0,0,2019-04-10,2019-04-10,0.0109,52.992
2019-05-02,Lex,26.6799,491,27.3355,PnL,2019-05-03,26.9779,26.1088,2,0,0,2019-05-02,2019-05-02,0.0322,321.9045
2019-05-08,Lex,25.5277,440,25.5426,PnL,2019-05-08,26.0293,25.344,1,0,0,2019-05-08,2019-05-08,0.0263,6.5604
2019-05-09,Lex,24.8821,448,25.2844,PnL,2019-05-09,25.4483,24.3805,1,0,0,2019-05-09,2019-05-09,0.042,180.2125
2019-05-13,Lex,24.1172,341,24.3407,PnL,2019-05-14,24.4103,23.4666,2,0,0,2019-05-13,2019-05-13,0.0387,76.2203
2019-05-28,Lex,24.1719,147,23.1438,50%,2019-05-30,24.45,22.5578,3,0,2,2019-05-28,2019-05-29,0.0774,-151.1307
2019-05-28,Lex,24.1719,148,24.4947,PnL,2019-06-06,24.45,21.6439,8,0,5,2019-05-28,2019-06-03,0.1148,47.7729
2019-06-12,Lex,25.488,290,25.7562,PnL,2019-06-13,25.6519,25.2695,2,0,0,2019-06-12,2019-06-12,0.0149,77.7693
2019-06-26,Lex,26.6289,315,26.9373,PnL,2019-06-28,26.7781,26.2409,3,0,0,2019-06-26,2019-06-26,0.0201,97.1491
2019-07-01,Lex,27.9372,450,28.5192,PnL,2019-07-03,28.0168,27.3005,3,0,0,2019-07-01,2019-07-01,0.0256,261.909
2019-07-17,Lex,28.7431,227,27.9869,50%,2019-07-19,28.8028,27.8526,3,0,2,2019-07-17,2019-07-18,0.033,-171.6483
2019-07-17,Lex,28.7431,227,28.768,PnL,2019-07-23,28.8227,27.8526,5,3,2,2019-07-19,2019-07-18,0.0337,5.641
2019-07-31,Lex,29.0117,226,26.6637,50%,2019-08-02,29.0664,26.9871,3,0,2,2019-07-31,2019-08-01,0.0715,-530.6457
2019-07-31,Lex,29.0117,227,26.3802,Exp,2019-08-13,29.0664,23.6342,10,0,4,2019-07-31,2019-08-05,0.1869,-597.3596
2019-08-15,Lex,24.3008,200,25.3056,PnL,2019-08-16,24.4799,23.669,2,0,0,2019-08-15,2019-08-15,0.0331,200.97
2019-08-21,Lex,26.2309,87,24.1565,50%,2019-08-23,26.614,25.6688,3,2,2,2019-08-22,2019-08-22,0.0355,-180.4711
2019-08-21,Lex,26.2309,88,26.4896,PnL,2019-09-04,26.614,23.7984,10,2,3,2019-08-22,2019-08-23,0.1058,22.7656
2019-09-25,Lex,27.2756,394,27.7382,PnL,2019-09-25,27.8775,26.8328,1,0,0,2019-09-25,2019-09-25,0.0375,182.2723
2019-09-30,Lex,27.2507,436,27.4945,PnL,2019-09-30,27.6934,27.2507,1,0,0,2019-09-30,2019-09-30,0.016,106.2794
2019-10-02,Lex,26.012,403,26.7234,PnL,2019-10-04,26.022,24.2361,3,0,2,2019-10-02,2019-10-03,0.0686,286.6942
2019-10-07,Lex,26.4946,167,25.8379,50%,2019-10-09,26.9672,25.1365,3,0,2,2019-10-07,2019-10-08,0.0679,-109.6639
2019-10-07,Lex,26.4946,167,27.1562,PnL,2019-10-11,26.9672,25.1365,5,0,2,2019-10-07,2019-10-08,0.0679,110.4855
2019-11-21,Lex,31.1607,425,31.1856,PnL,2019-11-22,31.1955,30.7279,2,0,0,2019-11-21,2019-11-21,0.015,10.5783
2019-11-25,Lex,31.499,420,31.9019,PnL,2019-11-25,31.9119,31.499,1,0,0,2019-11-25,2019-11-25,0.0129,169.2306
2019-12-04,Lex,31.0513,430,31.2602,PnL,2019-12-04,31.4691,30.9418,1,0,0,2019-12-04,2019-12-04,0.0168,89.8313
2019-12-11,Lex,32.0213,418,32.1308,PnL,2019-12-11,32.2253,31.887,1,0,0,2019-12-11,2019-12-11,0.0105,45.7543
2020-01-27,Lex,35.0518,293,35.2112,PnL,2020-01-27,35.7393,34.9073,1,0,0,2020-01-27,2020-01-27,0.0233,46.713
2020-02-03,Lex,35.0767,246,35.3158,PnL,2020-02-03,35.9734,35.0319,1,0,0,2020-02-03,2020-02-03,0.0262,58.8309
2020-02-24,Lex,34.718,85,30.9966,50%,2020-02-26,35.6347,31.0166,3,0,2,2020-02-24,2020-02-25,0.1296,-316.3156
2020-02-24,Lex,34.718,85,26.254,Exp,2020-03-06,35.6347,23.5389,10,0,5,2020-02-24,2020-02-28,0.3394,-719.4409
2020-03-12,Lex,15.7424,204,18.0191,PnL,2020-03-13,18.1536,14.0984,2,0,0,2020-03-12,2020-03-12,0.2234,464.4468
2020-03-16,Lex,12.4545,264,13.9091,PnL,2020-03-17,15.2094,11.5826,2,0,0,2020-03-16,2020-03-16,0.2385,384.0223
2020-03-23,Lex,10.0333,333,11.8766,PnL,2020-03-24,10.1977,8.7231,2,0,0,2020-03-23,2020-03-23,0.1446,613.8056
2020-04-02,Lex,11.8201,291,12.7739,PnL,2020-04-02,12.9038,11.7203,1,0,0,2020-04-02,2020-04-02,0.0917,277.5674
2020-04-06,Lex,13.6578,254,14.6965,PnL,2020-04-06,15.0061,13.483,1,0,0,2020-04-06,2020-04-06,0.1015,263.8349
2020-04-22,Lex,16.734,210,16.8738,PnL,2020-04-22,17.1934,16.4943,1,0,0,2020-04-22,2020-04-22,0.0407,29.3538
2020-04-23,Lex,17.1285,205,17.5679,PnL,2020-04-24,17.7427,16.8139,2,0,0,2020-04-23,2020-04-23,0.0523,90.0791
2020-05-04,Lex,17.0486,207,17.5929,PnL,2020-05-04,17.6428,16.7539,1,0,0,2020-05-04,2020-05-04,0.0504,112.666
2020-05-13,Lex,17.9724,218,17.9774,PnL,2020-05-15,18.1821,16.1697,3,0,2,2020-05-13,2020-05-14,0.1107,1.0878
2020-05-18,Lex,19.2758,229,19.6403,PnL,2020-05-18,19.9499,19.1909,1,0,0,2020-05-18,2020-05-18,0.038,83.4705
2020-05-20,Lex,19.7801,224,19.9949,PnL,2020-05-20,20.1746,19.7252,1,0,0,2020-05-20,2020-05-20,0.0223,48.1062
2020-06-11,Lex,22.8513,82,21.6977,50%,2020-06-15,23.051,19.9549,3,0,2,2020-06-11,2020-06-12,0.1343,-94.5936
2020-06-11,Lex,22.8513,83,22.9412,PnL,2020-06-16,23.051,19.5354,4,0,3,2020-06-11,2020-06-15,0.1525,7.4576
2020-06-25,Lex,21.1384,180,21.9424,PnL,2020-06-25,22.0123,20.684,1,0,0,2020-06-25,2020-06-25,0.0603,144.7218
2020-06-29,Lex,20.654,175,21.2832,PnL,2020-06-29,21.2832,20.1597,1,0,0,2020-06-29,2020-06-29,0.0528,110.117
2020-07-08,Lex,23.4305,160,23.7701,PnL,2020-07-08,23.8001,23.0061,1,0,0,2020-07-08,2020-07-08,0.0334,54.3376
2020-08-12,Lex,28.2345,360,28.7189,PnL,2020-08-12,28.9486,28.2345,1,0,0,2020-08-12,2020-08-12,0.0247,174.3804
2020-08-20,Lex,28.1895,437,28.9436,PnL,2020-08-20,29.0634,28.1596,1,0,0,2020-08-20,2020-08-20,0.0311,329.5417
2020-09-08,Lex,28.3144,203,29.0085,PnL,2020-09-09,28.664,27.3156,2,0,0,2020-09-08,2020-09-08,0.047,140.9064
2020-09-21,Lex,25.7976,198,26.1122,PnL,2020-09-21,26.1222,24.8088,1,0,0,2020-09-21,2020-09-21,0.0503,62.2849
2020-10-07,Lex,28.664,207,29.3231,PnL,2020-10-07,29.5429,28.659,1,0,0,2020-10-07,2020-10-07,0.0299,136.4399
2020-10-15,Lex,30.0123,200,31.041,PnL,2020-10-15,31.1908,29.8774,1,0,0,2020-10-15,2020-10-15,0.0421,205.734
2020-10-19,Lex,31.3506,95,29.7426,50%,2020-10-21,31.5303,29.3181,3,0,0,2020-10-19,2020-10-19,0.0702,-152.76
2020-10-19,Lex,31.3506,95,25.5529,Exp,2020-10-30,31.5303,25.2582,10,0,9,2020-10-19,2020-10-29,0.1989,-550.7844
2020-11-02,Lex,26.4268,212,26.4318,PnL,2020-11-02,26.9211,25.7227,1,0,0,2020-11-02,2020-11-02,0.0445,1.0515
2020-11-19,Lex,32.7738,150,33.393,PnL,2020-11-19,33.4979,32.3893,1,0,0,2020-11-19,2020-11-19,0.0331,92.8815
2020-11-23,Lex,33.2232,156,33.3031,PnL,2020-11-23,33.6477,32.574,1,0,0,2020-11-23,2020-11-23,0.0319,12.4675
2020-12-10,Lex,35.4554,259,35.8399,PnL,2020-12-10,36.1845,35.1758,1,0,0,2020-12-10,2020-12-10,0.0279,99.5933
2020-12-14,Lex,36.4142,287,36.6589,PnL,2020-12-15,36.7488,35.1658,2,0,0,2020-12-14,2020-12-14,0.0431,70.2318
2021-01-19,Lex,39.6548,274,39.7597,PnL,2021-01-19,39.9346,39.1803,1,0,0,2021-01-19,2021-01-19,0.0189,28.7536
2021-01-28,Lex,38.9055,197,39.2852,PnL,2021-01-28,40.609,38.7756,1,0,0,2021-01-28,2021-01-28,0.0451,74.793
2021-02-01,Lex,38.0263,181,38.7356,PnL,2021-02-01,39.1153,37.3469,1,0,0,2021-02-01,2021-02-01,0.0452,128.3924
2021-02-22,Lex,42.1077,173,42.1426,PnL,2021-02-22,42.9619,42.0177,1,0,0,2021-02-22,2021-02-22,0.022,6.0429
2021-03-01,Lex,41.4932,178,42.7221,PnL,2021-03-01,43.1817,41.4932,1,0,0,2021-03-01,2021-03-01,0.0391,218.7478
2021-03-04,Lex,40.0295,182,40.7239,PnL,2021-03-05,40.8987,37.0721,2,0,0,2021-03-04,2021-03-04,0.0936,126.379
2021-03-08,Lex,41.0486,165,41.8229,PnL,2021-03-09,42.0028,40.0145,2,0,0,2021-03-08,2021-03-08,0.0473,127.7628
2021-03-22,Lex,43.0868,141,43.9161,PnL,2021-03-22,44.4406,43.0818,1,0,0,2021-03-22,2021-03-22,0.0306,116.9257
2021-03-24,Lex,43.4108,159,45.0499,PnL,2021-03-26,43.9805,41.0721,3,0,2,2021-03-24,2021-03-25,0.0661,260.6217
2021-04-21,Lex,50.392,232,52.061,PnL,2021-04-21,52.136,50.337,1,0,0,2021-04-21,2021-04-21,0.0345,387.215
2021-05-05,Lex,52.4708,241,53.0555,PnL,2021-05-06,52.5458,51.5463,2,0,0,2021-05-05,2021-05-05,0.019,140.9055
2021-05-12,Lex,50.0871,188,51.9361,PnL,2021-05-14,50.5968,47.7184,3,0,0,2021-05-12,2021-05-12,0.0569,347.612
2021-05-17,Lex,51.5063,165,51.5463,PnL,2021-05-17,51.8761,50.7468,1,0,0,2021-05-17,2021-05-17,0.0218,6.6033
2021-05-19,Lex,48.3581,181,49.8173,PnL,2021-05-19,49.8673,47.7884,1,0,0,2021-05-19,2021-05-19,0.0417,264.1116
2021-05-20,Lex,50.1571,176,51.4114,PnL,2021-05-20,51.9011,50.1121,1,0,0,2021-05-20,2021-05-20,0.0345,220.755
2021-06-17,Lex,53.7351,303,53.875,PnL,2021-06-17,54.2248,52.8306,1,0,0,2021-06-17,2021-06-17,0.0257,42.3958
2021-06-21,Lex,52.3659,276,53.895,PnL,2021-06-21,53.96,52.046,1,0,0,2021-06-21,2021-06-21,0.0355,422.0344
2021-07-19,Lex,55.784,239,57.6929,PnL,2021-07-20,55.9888,54.0899,2,0,0,2021-07-19,2021-07-19,0.0339,456.2247
2021-07-28,Lex,61.146,185,61.5258,PnL,2021-07-29,61.3858,60.1415,2,0,0,2021-07-28,2021-07-28,0.0203,70.2556
2021-08-02,Lex,61.3609,186,61.6907,PnL,2021-08-03,61.6257,60.1165,2,0,0,2021-08-02,2021-08-02,0.0245,61.3372
2021-08-19,Lex,59.5219,284,61.016,PnL,2021-08-19,61.5757,59.4969,1,0,0,2021-08-19,2021-08-19,0.0338,424.3358
2021-09-13,Lex,64.624,118,64.3042,50%,2021-09-15,64.749,62.3053,3,0,2,2021-09-13,2021-09-14,0.0377,-37.7352
2021-09-13,Lex,64.624,118,63.0399,Exp,2021-09-24,64.749,56.7984,10,0,6,2021-09-13,2021-09-20,0.1228,-186.9214
2021-09-29,Lex,59.267,87,58.8472,50%,2021-10-01,60.0216,56.7234,3,0,2,2021-09-29,2021-09-30,0.055,-36.5183
2021-09-29,Lex,59.267,88,60.5263,PnL,2021-10-07,60.0216,55.619,7,0,4,2021-09-29,2021-10-04,0.0734,110.8202
2021-10-13,Lex,58.8872,145,59.0671,PnL,2021-10-13,59.4519,57.6229,1,0,0,2021-10-13,2021-10-13,0.0308,26.0899
2021-11-10,Lex,72.1299,237,72.8944,PnL,2021-11-12,72.9644,70.4608,3,0,0,2021-11-10,2021-11-10,0.0343,181.1936
2021-11-15,Lex,73.5341,233,73.7989,PnL,2021-11-16,73.594,72.3897,2,0,0,2021-11-15,2021-11-15,0.0164,61.7054
2021-11-29,Lex,71.1754,170,71.4403,PnL,2021-11-29,72.2948,70.121,1,0,0,2021-11-29,2021-11-29,0.0301,45.0245
2021-12-01,Lex,69.9111,71,66.1482,50%,2021-12-03,71.2753,64.8839,3,0,0,2021-12-01,2021-12-01,0.0897,-267.1666
2021-12-01,Lex,69.9111,72,72.7545,PnL,2021-12-07,71.2753,64.1893,5,0,3,2021-12-01,2021-12-03,0.0994,204.7255
2021-12-15,Lex,70.4558,101,73.729,PnL,2021-12-15,73.8539,69.2565,1,0,0,2021-12-15,2021-12-15,0.0622,330.5902
2021-12-20,Lex,67.0127,102,67.2726,PnL,2021-12-20,67.4425,65.5035,1,0,0,2021-12-20,2021-12-20,0.0288,26.5057
2022-01-06,Lex,72.8145,58,71.6551,50%,2022-01-10,74.1437,71.2603,3,0,2,2022-01-06,2022-01-07,0.0389,-67.2435
2022-01-06,Lex,72.8145,58,73.624,PnL,2022-01-11,74.1437,67.5324,4,0,3,2022-01-06,2022-01-10,0.0892,46.9527
2022-01-20,Lex,66.1532,73,60.1765,50%,2022-01-24,68.322,59.3969,3,0,2,2022-01-20,2022-01-21,0.1306,-436.2984
2022-01-20,Lex,66.1532,73,67.3425,PnL,2022-02-02,68.322,52.3908,10,0,3,2022-01-20,2022-01-24,0.2332,86.8204
2022-02-14,Lex,59.5569,103,62.0355,PnL,2022-02-15,60.2565,57.7079,2,0,0,2022-02-14,2022-02-14,0.0423,255.2937
2022-02-22,Lex,56.2187,54,54.6896,50%,2022-02-24,57.6279,52.111,3,0,2,2022-02-22,2022-02-23,0.0957,-82.573
2022-02-22,Lex,56.2187,54,58.2576,PnL,2022-02-25,57.6279,48.1132,4,0,3,2022-02-22,2022-02-24,0.1651,110.0995
2022-03-02,Lex,56.1488,102,58.2476,PnL,2022-03-02,58.8972,55.8289,1,0,0,2022-03-02,2022-03-02,0.0521,214.0766
2022-03-09,Lex,53.0805,99,53.87,PnL,2022-03-09,54.5996,52.211,1,0,0,2022-03-09,2022-03-09,0.0437,78.1635
2022-04-06,Lex,61.55,115,62.3,PnL,2022-04-07,62.39,60.08,2,0,0,2022-04-06,2022-04-06,0.037,86.25
2022-04-11,Lex,60.35,62,59.93,50%,2022-04-13,60.93,57.31,3,2,2,2022-04-12,2022-04-12,0.0594,-26.04
2022-04-11,Lex,60.35,62,60.52,PnL,2022-04-19,60.93,56.83,6,2,5,2022-04-12,2022-04-18,0.0673,10.54
2022-04-25,Lex,52.04,142,53.84,PnL,2022-04-25,53.9,50.24,1,0,0,2022-04-25,2022-04-25,0.0679,255.6
2022-04-27,Lex,49.59,140,53.3,PnL,2022-04-28,51.59,48.78,2,0,0,2022-04-27,2022-04-27,0.0545,519.4
2022-05-02,Lex,47.42,118,48.29,PnL,2022-05-02,48.76,45.02,1,0,0,2022-05-02,2022-05-02,0.0767,102.66
2022-05-12,Lex,39.52,114,40.44,PnL,2022-05-12,41.49,38.21,1,0,0,2022-05-12,2022-05-12,0.0791,104.88
2022-05-19,Lex,38.91,116,39.16,PnL,2022-05-19,40.6,38.47,1,0,0,2022-05-19,2022-05-19,0.0525,29.0
2022-05-23,Lex,40.2,113,41.45,PnL,2022-05-23,41.67,39.45,1,0,0,2022-05-23,2022-05-23,0.0533,141.25
2022-06-02,Lex,45.28,109,47.88,PnL,2022-06-02,47.92,44.46,1,0,0,2022-06-02,2022-06-02,0.0722,283.4
2022-06-13,Lex,35.76,64,35.39,50%,2022-06-15,36.32,33.07,3,0,2,2022-06-13,2022-06-14,0.0895,-23.68
2022-06-13,Lex,35.76,65,38.64,PnL,2022-06-24,36.7,31.12,9,3,5,2022-06-15,2022-06-17,0.152,187.2
2022-06-29,Lex,36.01,64,35.95,50%,2022-07-01,36.33,33.56,3,0,2,2022-06-29,2022-06-30,0.0762,-3.84
2022-06-29,Lex,36.01,65,36.16,PnL,2022-07-05,36.33,33.56,4,0,2,2022-06-29,2022-06-30,0.0762,9.75
2022-07-13,Lex,34.16,178,35.21,PnL,2022-07-13,36.07,34.03,1,0,0,2022-07-13,2022-07-13,0.0566,186.9
2022-07-14,Lex,33.72,185,34.93,PnL,2022-07-14,35.1,33.0,1,0,0,2022-07-14,2022-07-14,0.0598,223.85
2022-07-27,Lex,39.42,190,41.39,PnL,2022-07-27,41.93,39.34,1,0,0,2022-07-27,2022-07-27,0.0618,374.3
2022-08-03,Lex,44.24,166,45.52,PnL,2022-08-03,45.95,44.14,1,0,0,2022-08-03,2022-08-03,0.0394,212.48
2022-08-10,Lex,46.89,162,47.25,PnL,2022-08-10,47.33,46.24,1,0,0,2022-08-10,2022-08-10,0.023,58.32
2022-08-22,Lex,46.07,84,44.87,50%,2022-08-24,46.13,44.3,3,0,2,2022-08-22,2022-08-23,0.0397,-100.8
2022-08-22,Lex,46.07,85,46.78,PnL,2022-08-25,46.13,44.17,4,0,3,2022-08-22,2022-08-24,0.0425,60.35
2022-08-29,Lex,41.02,175,41.18,PnL,2022-08-29,42.17,40.73,1,0,0,2022-08-29,2022-08-29,0.0341,28.0
2022-08-31,Lex,40.31,91,37.98,50%,2022-09-02,40.7,37.33,3,0,2,2022-08-31,2022-09-01,0.0828,-212.03
2022-08-31,Lex,40.31,92,42.16,PnL,2022-09-09,40.75,36.85,7,3,4,2022-09-02,2022-09-06,0.0957,170.2
2022-09-14,Lex,38.23,153,38.24,PnL,2022-09-14,38.71,37.25,1,0,0,2022-09-14,2022-09-14,0.0377,1.53
2022-09-15,Lex,37.72,77,36.89,50%,2022-09-19,38.62,35.09,3,0,2,2022-09-15,2022-09-16,0.0914,-63.91
2022-09-15,Lex,37.72,78,31.78,Exp,2022-09-28,38.62,29.42,10,0,9,2022-09-15,2022-09-27,0.2382,-463.32
2022-10-03,Lex,29.33,183,30.65,PnL,2022-10-03,31.11,28.88,1,0,0,2022-10-03,2022-10-03,0.0717,241.56
2022-10-13,Lex,26.2,209,30.14,PnL,2022-10-13,30.5,25.94,1,0,0,2022-10-13,2022-10-13,0.1495,823.46
2022-10-17,Lex,29.59,174,30.21,PnL,2022-10-17,30.5,29.56,1,0,0,2022-10-17,2022-10-17,0.0308,107.88
2022-11-02,Lex,34.32,81,32.18,50%,2022-11-04,35.59,30.29,3,0,2,2022-11-02,2022-11-03,0.1489,-173.34
2022-11-02,Lex,34.32,82,36.69,PnL,2022-11-10,35.59,30.29,7,0,2,2022-11-02,2022-11-03,0.1489,194.34
2022-12-07,Lex,35.69,158,35.78,PnL,2022-12-07,36.46,35.45,1,0,0,2022-12-07,2022-12-07,0.0277,14.22
2022-12-08,Lex,36.27,230,36.6,PnL,2022-12-08,36.89,35.83,1,0,0,2022-12-08,2022-12-08,0.0287,75.9
2022-12-12,Lex,35.99,228,37.3,PnL,2022-12-12,37.3,35.79,1,0,0,2022-12-12,2022-12-12,0.0405,298.68
2022-12-19,Lex,33.4,219,33.954,PnL,2022-12-21,33.5,31.8325,3,0,2,2022-12-19,2022-12-20,0.0498,121.326
2022-12-29,Lex,32.08,256,32.99,PnL,2022-12-29,33.25,31.94,1,0,0,2022-12-29,2022-12-29,0.0394,232.96
2023-01-19,Lex,34.24,262,35.9,PnL,2023-01-20,34.69,33.67,2,0,0,2023-01-19,2023-01-19,0.0294,434.92
2023-01-23,Lex,36.15,255,37.21,PnL,2023-01-23,37.76,35.88,1,0,0,2023-01-23,2023-01-23,0.0498,270.3
2023-02-13,Lex,39.12,233,40.25,PnL,2023-02-13,40.3,38.96,1,0,0,2023-02-13,2023-02-13,0.0333,263.29
2023-02-21,Lex,37.35,126,36.57,50%,2023-02-23,37.63,35.63,3,0,2,2023-02-21,2023-02-22,0.0531,-98.28
2023-02-21,Lex,37.35,127,37.37,PnL,2023-03-03,37.63,34.25,9,0,8,2023-02-21,2023-03-02,0.0898,2.54
2023-03-08,Lex,35.77,308,35.91,PnL,2023-03-08,36.11,35.27,1,0,0,2023-03-08,2023-03-08,0.0233,43.12
2023-03-09,Lex,36.08,142,32.2,50%,2023-03-13,36.56,31.98,3,0,2,2023-03-09,2023-03-10,0.1253,-550.96
2023-03-09,Lex,36.08,142,34.08,Exp,2023-03-22,36.56,31.08,10,0,3,2023-03-09,2023-03-13,0.1499,-284.0
2023-04-26,Lex,37.48,395,38.94,PnL,2023-04-27,37.76,36.64,2,0,0,2023-04-26,2023-04-26,0.0297,576.7
2023-05-03,Lex,38.59,325,38.82,PnL,2023-05-05,39.29,36.42,3,0,2,2023-05-03,2023-05-04,0.073,74.75
2023-05-08,Lex,38.91,140,38.86,50%,2023-05-10,38.99,38.26,3,0,2,2023-05-08,2023-05-09,0.0187,-7.0
2023-05-08,Lex,38.91,141,39.4,PnL,2023-05-17,39.34,37.74,8,3,5,2023-05-10,2023-05-12,0.0407,69.09
2023-05-24,Lex,38.51,327,39.04,PnL,2023-05-25,38.61,37.79,2,0,0,2023-05-24,2023-05-24,0.0212,173.31
2023-06-01,Lex,39.95,320,41.01,PnL,2023-06-01,41.33,39.57,1,0,0,2023-06-01,2023-06-01,0.0426,339.2
2023-06-22,Lex,44.66,343,45.43,PnL,2023-06-22,45.46,44.52,1,0,0,2023-06-22,2023-06-22,0.0207,264.11
2023-06-26,Lex,44.21,352,45.23,PnL,2023-06-27,44.8,43.75,2,0,0,2023-06-26,2023-06-26,0.0234,359.04
2023-07-10,Lex,45.63,351,46.11,PnL,2023-07-10,46.17,45.46,1,0,0,2023-07-10,2023-07-10,0.0154,168.48
2023-08-03,Lex,48.25,363,48.53,PnL,2023-08-03,49.15,48.04,1,0,0,2023-08-03,2023-08-03,0.0226,101.64
2023-08-07,Lex,48.43,348,49.06,PnL,2023-08-07,49.13,48.2,1,0,0,2023-08-07,2023-08-07,0.0189,219.24
2023-08-10,Lex,48.17,182,48.06,50%,2023-08-14,49.28,46.59,3,0,2,2023-08-10,2023-08-11,0.0546,-20.02
2023-08-10,Lex,48.17,182,46.22,Exp,2023-08-23,49.28,43.26,10,0,7,2023-08-10,2023-08-18,0.1222,-354.9
2023-09-07,Lex,45.92,301,46.48,PnL,2023-09-07,46.68,45.82,1,0,0,2023-09-07,2023-09-07,0.0184,168.56
2023-09-11,Lex,47.5,289,47.57,PnL,2023-09-11,47.67,46.945,1,0,0,2023-09-11,2023-09-11,0.0152,20.23
2023-09-13,Lex,46.81,320,46.93,PnL,2023-09-13,47.28,46.46,1,0,0,2023-09-13,2023-09-13,0.0173,38.4
2023-09-14,Lex,47.7,319,48.08,PnL,2023-09-14,48.3,47.25,1,0,0,2023-09-14,2023-09-14,0.0217,121.22
2023-09-18,Lex,46.19,306,46.39,PnL,2023-09-18,46.81,46.06,1,0,0,2023-09-18,2023-09-18,0.016,61.2
2023-09-21,Lex,43.79,156,42.7,50%,2023-09-25,43.88,42.06,3,0,2,2023-09-21,2023-09-22,0.0415,-170.04
2023-09-21,Lex,43.79,157,40.29,Exp,2023-10-04,43.88,39.03,10,0,9,2023-09-21,2023-10-03,0.1105,-549.5
2023-10-05,Lex,40.16,331,40.19,PnL,2023-10-05,40.43,39.24,1,0,0,2023-10-05,2023-10-05,0.0294,9.93
2023-10-19,Lex,41.76,153,38.75,50%,2023-10-23,42.31,38.93,3,0,2,2023-10-19,2023-10-20,0.0799,-460.53
2023-10-19,Lex,41.76,154,39.13,Exp,2023-11-01,42.31,35.57,10,0,7,2023-10-19,2023-10-27,0.1593,-405.02
2023-12-21,Lex,53.54,302,53.99,PnL,2023-12-21,54.09,52.69,1,0,0,2023-12-21,2023-12-21,0.0259,135.9
2024-01-04,Lex,52.23,293,54.27,PnL,2024-01-08,53.12,51.59,3,0,2,2024-01-04,2024-01-05,0.0288,597.72
2024-01-18,Lex,53.83,283,54.68,PnL,2024-01-18,54.87,53.32,1,0,0,2024-01-18,2024-01-18,0.0282,240.55
2024-02-01,Lex,57.14,250,58.77,PnL,2024-02-01,58.78,56.87,1,0,0,2024-02-01,2024-02-01,0.0325,407.5
2024-02-14,Lex,60.9533,223,61.5803,PnL,2024-02-14,61.7595,60.0674,1,0,0,2024-02-14,2024-02-14,0.0274,139.8232
2024-02-15,Lex,61.7694,231,62.7448,PnL,2024-02-15,62.8344,61.5604,1,0,0,2024-02-15,2024-02-15,0.0203,225.3266
2024-02-20,Lex,61.1324,225,64.6359,PnL,2024-02-22,61.3713,59.5499,3,0,2,2024-02-20,2024-02-21,0.0297,788.2987
2024-03-06,Lex,65.482,218,67.0745,PnL,2024-03-07,66.0493,64.6658,2,0,0,2024-03-06,2024-03-06,0.0209,347.1563
2024-03-11,Lex,65.2928,209,65.6114,PnL,2024-03-11,65.8303,64.5364,1,0,0,2024-03-11,2024-03-11,0.0197,66.577
2024-03-27,Lex,69.8283,246,70.3867,PnL,2024-03-27,70.4067,68.9309,1,0,0,2024-03-27,2024-03-27,0.021,137.3738
2024-04-03,Lex,68.1133,282,68.7714,PnL,2024-04-03,69.3796,68.0834,1,0,0,2024-04-03,2024-04-03,0.0187,185.5814
2024-04-04,Lex,70.3369,128,68.2629,50%,2024-04-08,70.4765,66.0592,3,0,0,2024-04-04,2024-04-04,0.0627,-265.4771
2024-04-04,Lex,70.3369,129,61.0836,Exp,2024-04-17,70.4765,61.7218,10,0,9,2024-04-04,2024-04-16,0.1242,-1193.677
2024-04-18,Lex,61.5522,126,60.5751,50%,2024-04-22,62.34,58.5708,3,0,2,2024-04-18,2024-04-19,0.0605,-123.1196
2024-04-18,Lex,61.5522,126,62.7488,PnL,2024-04-23,62.34,58.5708,4,0,2,2024-04-18,2024-04-19,0.0605,150.7703
2024-05-01,Lex,60.954,204,62.1904,PnL,2024-05-02,63.4468,60.4056,2,0,0,2024-05-01,2024-05-01,0.0479,252.2256
2024-05-28,Lex,71.3141,135,68.1731,50%,2024-05-30,71.3938,69.3098,3,0,2,2024-05-28,2024-05-29,0.0292,-424.0309
2024-05-28,Lex,71.3141,136,72.8097,PnL,2024-06-05,71.3938,66.4581,7,0,4,2024-05-28,2024-05-31,0.0691,203.4057
2024-07-18,Lex,82.4,107,80.54,50%,2024-07-22,82.84,77.68,3,0,2,2024-07-18,2024-07-19,0.0623,-199.02
2024-07-18,Lex,82.4,108,78.23,Exp,2024-07-31,82.84,73.06,10,0,6,2024-07-18,2024-07-25,0.1181,-450.36
2024-08-05,Lex,62.21,136,64.53,PnL,2024-08-05,67.01,61.71,1,0,0,2024-08-05,2024-08-05,0.0791,315.52
2024-08-29,Lex,80.9,114,82.2,PnL,2024-08-30,82.34,79.56,2,0,0,2024-08-29,2024-08-29,0.0338,148.2
2024-09-09,Lex,73.81,143,74.48,PnL,2024-09-09,75.01,73.0,1,0,0,2024-09-09,2024-09-09,0.0268,95.81
2024-10-16,Lex,88.24,208,89.37,PnL,2024-10-16,89.62,87.88,1,0,0,2024-10-16,2024-10-16,0.0194,235.04
2024-10-24,Lex,88.09,197,88.33,PnL,2024-10-28,90.02,86.54,3,2,0,2024-10-25,2024-10-24,0.0387,47.28
2024-10-31,Lex,85.86,87,83.09,50%,2024-11-04,85.89,82.62,3,0,0,2024-10-31,2024-10-31,0.0381,-240.99
2024-10-31,Lex,85.86,88,86.09,PnL,2024-11-05,85.89,82.27,4,0,3,2024-10-31,2024-11-04,0.0421,20.24
2024-11-13,Lex,95.24,64,89.62,50%,2024-11-15,96.15,92.97,3,0,2,2024-11-13,2024-11-14,0.0331,-359.68
2024-11-13,Lex,95.24,64,96.38,PnL,2024-11-26,96.47,88.73,10,9,3,2024-11-25,2024-11-15,0.0802,72.96
2024-12-11,Lex,98.32,203,99.18,PnL,2024-12-11,99.61,98.18,1,0,0,2024-12-11,2024-12-11,0.0144,174.58
2024-12-16,Lex,97.9662,220,98.3551,PnL,2024-12-16,98.8437,97.6171,1,0,0,2024-12-16,2024-12-16,0.0124,85.5514
2024-12-18,Lex,96.939,67,91.225,50%,2024-12-20,98.1257,88.1835,3,0,0,2024-12-18,2024-12-18,0.1013,-382.8373
2024-12-18,Lex,96.939,67,87.9,Exp,2025-01-02,98.1257,86.7376,10,0,3,2024-12-18,2024-12-20,0.1161,-605.613
2025-01-08,Lex,89.52,114,89.84,PnL,2025-01-08,90.36,87.91,1,0,0,2025-01-08,2025-01-08,0.0271,36.48
2025-01-13,Lex,83.56,119,86.11,PnL,2025-01-13,86.21,83.36,1,0,0,2025-01-13,2025-01-13,0.0331,303.45
2025-02-24,Lex,93.81,79,90.26,50%,2025-02-26,94.3,88.05,3,0,2,2025-02-24,2025-02-25,0.0663,-280.45
2025-02-24,Lex,93.81,80,81.39,Exp,2025-03-07,94.3,79.03,10,0,9,2025-02-24,2025-03-06,0.1619,-993.6
2025-03-10,Lex,77.87,57,74.15,50%,2025-03-12,78.71,71.46,3,0,2,2025-03-10,2025-03-11,0.0921,-212.04
2025-03-10,Lex,77.87,58,76.5,Exp,2025-03-21,78.71,70.46,10,0,4,2025-03-10,2025-03-13,0.1048,-79.46
2025-03-27,Lex,77.38,51,73.9,50%,2025-03-31,78.86,72.34,3,0,2,2025-03-27,2025-03-28,0.0827,-177.48
2025-03-27,Lex,77.38,51,64.81,Exp,2025-04-09,78.86,45.88,10,0,8,2025-03-27,2025-04-07,0.4182,-641.07
2025-04-21,Lex,56.5,87,58.2,PnL,2025-04-22,56.7,52.32,2,0,0,2025-04-21,2025-04-21,0.0772,147.9
2025-05-07,Lex,69.39,90,69.8,PnL,2025-05-07,70.72,67.88,1,0,0,2025-05-07,2025-05-07,0.0402,36.9
2025-05-08,Lex,71.28,106,77.79,PnL,2025-05-12,73.17,69.95,3,0,0,2025-05-08,2025-05-08,0.044,690.06
2025-05-22,Lex,77.42,130,77.54,PnL,2025-05-22,78.97,76.93,1,0,0,2025-05-22,2025-05-22,0.0258,15.6
2025-05-27,Lex,78.61,116,80.56,PnL,2025-05-27,80.67,77.95,1,0,0,2025-05-27,2025-05-27,0.0337,226.2
2025-06-16,Lex,83.6193,142,84.5768,PnL,2025-06-16,85.2949,83.5894,1,0,0,2025-06-16,2025-06-16,0.02,135.9678
2025-06-18,Lex,82.7018,160,84.0083,PnL,2025-06-23,83.8487,81.0362,3,0,2,2025-06-18,2025-06-20,0.0335,209.0432
2025-07-30,Lex,98.73,104,92.02,50%,2025-08-01,100.47,96.29,3,2,2,2025-07-31,2025-07-31,0.0416,-697.84
2025-07-30,Lex,98.73,105,98.75,PnL,2025-08-08,100.47,90.93,8,2,3,2025-07-31,2025-08-01,0.095,2.1
2025-08-20,Lex,99.43,145,101.98,PnL,2025-08-22,99.55,96.42,3,0,0,2025-08-20,2025-08-20,0.0314,369.75
2025-09-18,Lex,108.9767,169,109.1364,PnL,2025-09-18,110.4339,108.1783,1,0,0,2025-09-18,2025-09-18,0.0204,26.9961
2025-09-25,Lex,107.66,190,107.68,PnL,2025-09-25,108.37,105.9,1,0,0,2025-09-25,2025-09-25,0.0228,3.8
2025-09-29,Lex,110.68,185,111.49,PnL,2025-09-30,111.12,109.47,2,0,0,2025-09-29,2025-09-29,0.0148,149.85
2025-10-08,Lex,113.39,181,114.78,PnL,2025-10-08,114.83,112.94,1,0,0,2025-10-08,2025-10-08,0.0165,251.59
2025-10-13,Lex,108.07,113,109.24,PnL,2025-10-13,109.98,107.65,1,0,0,2025-10-13,2025-10-13,0.0212,132.21
2025-11-03,Lex,119.85,45,115.46,50%,2025-11-05,119.92,114.05,3,0,2,2025-11-03,2025-11-04,0.0489,-197.55
2025-11-03,Lex,119.85,45,112.08,Exp,2025-11-14,119.92,107.13,10,0,5,2025-11-03,2025-11-07,0.1067,-349.65
2025-11-17,Lex,110.93,54,107.32,50%,2025-11-19,112.92,104.05,3,0,2,2025-11-17,2025-11-18,0.0786,-194.94
2025-11-17,Lex,110.93,54,113.02,PnL,2025-11-25,113.59,101.5,7,4,5,2025-11-20,2025-11-21,0.1064,112.86
2025-12-15,Lex,117.405,57,110.076,50%,2025-12-17,117.405,111.9007,3,0,2,2025-12-15,2025-12-16,0.0469,-417.7558
2025-12-15,Lex,117.405,58,117.5646,PnL,2025-12-22,117.405,109.9762,6,0,3,2025-12-15,2025-12-17,0.0633,9.2556
2026-01-05,Lex,118.0,143,118.59,PnL,2026-01-05,119.48,117.94,1,0,0,2026-01-05,2026-01-05,0.0129,84.37
