Date,Equity
2009-06-25,10000.0
2009-06-26,10000.0
2009-06-29,10000.0
2009-06-30,10000.0
2009-07-01,10000.0
2009-07-02,10000.0
2009-07-06,10312.3163
2009-07-07,10312.3163
2009-07-08,10127.7244
2009-07-09,10190.7075
2009-07-10,10092.9649
2009-07-13,10584.6158
2009-07-14,10584.6158
2009-07-15,10584.6158
2009-07-16,10584.6158
2009-07-17,10584.6158
2009-07-20,10584.6158
2009-07-21,10584.6158
2009-07-22,10584.6158
2009-07-23,10584.6158
2009-07-24,10584.6158
2009-07-27,10584.6158
2009-07-28,10584.6158
2009-07-29,10584.6158
2009-07-30,10584.6158
2009-07-31,10584.6158
2009-08-03,10584.6158
2009-08-04,10584.6158
2009-08-05,10584.6158
2009-08-06,10584.6158
2009-08-07,10584.6158
2009-08-10,10584.6158
2009-08-11,10584.6158
2009-08-12,10998.5722
2009-08-13,10998.5722
2009-08-14,10998.5722
2009-08-17,10998.5722
2009-08-18,10998.5722
2009-08-19,10998.5722
2009-08-20,10998.5722
2009-08-21,10998.5722
2009-08-24,10998.5722
2009-08-25,10998.5722
2009-08-26,10998.5722
2009-08-27,10998.5722
2009-08-28,10998.5722
2009-08-31,10998.5722
2009-09-01,10998.5722
2009-09-02,11017.9661
2009-09-03,11080.906
2009-09-04,11080.906
2009-09-08,11080.906
2009-09-09,11080.906
2009-09-10,11080.906
2009-09-11,11080.906
2009-09-14,11080.906
2009-09-15,11080.906
2009-09-16,11080.906
2009-09-17,11080.906
2009-09-18,11080.906
2009-09-21,11080.906
2009-09-22,11080.906
2009-09-23,11080.906
2009-09-24,11080.906
2009-09-25,11080.906
2009-09-28,11536.659
2009-09-29,11536.659
2009-09-30,11536.659
2009-10-01,11536.659
2009-10-02,11536.659
2009-10-05,11908.8728
2009-10-06,11908.8728
2009-10-07,11908.8728
2009-10-08,11908.8728
2009-10-09,11908.8728
2009-10-12,11908.8728
2009-10-13,11908.8728
2009-10-14,11908.8728
2009-10-15,11908.8728
2009-10-16,11908.8728
2009-10-19,11908.8728
2009-10-20,11908.8728
2009-10-21,11908.8728
2009-10-22,12273.0909
2009-10-23,12273.0909
2009-10-26,11811.6981
2009-10-27,11667.9027
2009-10-28,11013.6008
2009-10-29,11479.4638
2009-10-30,10812.9133
2009-11-02,10957.9564
2009-11-03,11005.7113
2009-11-04,11031.7487
2009-11-05,11311.5933
2009-11-06,11362.5006
2009-11-09,11362.5006
2009-11-10,11362.5006
2009-11-11,11362.5006
2009-11-12,11362.5006
2009-11-13,11362.5006
2009-11-16,11362.5006
2009-11-17,11362.5006
2009-11-18,11362.5006
2009-11-19,11362.5006
2009-11-20,11362.5006
2009-11-23,11401.8863
2009-11-24,11401.8863
2009-11-25,11401.8863
2009-11-27,11401.8863
2009-11-30,11563.413
2009-12-01,11563.413
2009-12-02,11563.413
2009-12-03,11563.413
2009-12-04,11563.413
2009-12-07,11563.413
2009-12-08,11563.413
2009-12-09,11690.6365
2009-12-10,11667.1142
2009-12-11,11839.354
2009-12-14,11839.354
2009-12-15,11839.354
2009-12-16,11729.7257
2009-12-17,11320.3809
2009-12-18,11499.0581
2009-12-21,11722.6613
2009-12-22,11816.6057
2009-12-23,11816.6057
2009-12-24,11816.6057
2009-12-28,11816.6057
2009-12-29,11816.6057
2009-12-30,11816.6057
2009-12-31,11816.6057
2010-01-04,12096.3442
2010-01-05,12096.3442
2010-01-06,12096.3442
2010-01-07,12096.3442
2010-01-08,12096.3442
2010-01-11,12096.3442
2010-01-12,12096.3442
2010-01-13,12313.4171
2010-01-14,12313.4171
2010-01-15,12313.4171
2010-01-19,12799.0778
2010-01-20,12799.0778
2010-01-21,12799.0778
2010-01-22,12799.0778
2010-01-25,12630.4718
2010-01-26,12471.588
2010-01-27,12657.8768
2010-01-28,12362.4248
2010-01-29,12095.8133
2010-02-01,12464.2148
2010-02-02,12667.8528
2010-02-03,12667.8528
2010-02-04,12667.8528
2010-02-05,12667.8528
2010-02-08,12383.9424
2010-02-09,12831.2014
2010-02-10,12831.2014
2010-02-11,12831.2014
2010-02-12,12831.2014
2010-02-16,12831.2014
2010-02-17,12831.2014
2010-02-18,12831.2014
2010-02-19,12831.2014
2010-02-22,12831.2014
2010-02-23,12831.2014
2010-02-24,13076.3771
2010-02-25,13622.5132
2010-02-26,13622.5132
2010-03-01,13878.4024
2010-03-02,13878.4024
2010-03-03,13878.4024
2010-03-04,13878.4024
2010-03-05,13878.4024
2010-03-08,13878.4024
2010-03-09,13878.4024
2010-03-10,13878.4024
2010-03-11,13878.4024
2010-03-12,13878.4024
2010-03-15,13878.4024
2010-03-16,13878.4024
2010-03-17,13878.4024
2010-03-18,13878.4024
2010-03-19,13878.4024
2010-03-22,13878.4024
2010-03-23,13878.4024
2010-03-24,13878.4024
2010-03-25,13878.4024
2010-03-26,13878.4024
2010-03-29,13878.4024
2010-03-30,13878.4024
2010-03-31,13878.4024
2010-04-01,13878.4024
2010-04-05,13878.4024
2010-04-06,13878.4024
2010-04-07,13878.4024
2010-04-08,13878.4024
2010-04-09,13878.4024
2010-04-12,13878.4024
2010-04-13,13878.4024
2010-04-14,13878.4024
2010-04-15,13878.4024
2010-04-16,13878.4024
2010-04-19,14146.5332
2010-04-20,14146.5332
2010-04-21,14146.5332
2010-04-22,14146.5332
2010-04-23,14146.5332
2010-04-26,14146.5332
2010-04-27,14146.5332
2010-04-28,14233.0256
2010-04-29,14486.7246
2010-04-30,14486.7246
2010-05-03,14841.8106
2010-05-04,14841.8106
2010-05-05,14975.1836
2010-05-06,13660.3366
2010-05-07,13058.3916
2010-05-10,14751.6321
2010-05-11,14666.5193
2010-05-12,15080.2925
2010-05-13,15080.2925
2010-05-14,15080.2925
2010-05-17,14972.351
2010-05-18,14375.5686
2010-05-19,14119.6837
2010-05-20,13040.492
2010-05-21,13343.5708
2010-05-24,13076.1484
2010-05-25,13094.8076
2010-05-26,12978.9324
2010-05-27,13540.9349
2010-05-28,13301.9404
2010-06-01,13301.9404
2010-06-02,14100.3932
2010-06-03,14100.3932
2010-06-04,14100.3932
2010-06-07,13433.9785
2010-06-08,13823.4723
2010-06-09,13614.4201
2010-06-10,14432.2014
2010-06-11,14432.2014
2010-06-14,14432.2014
2010-06-15,14432.2014
2010-06-16,14432.2014
2010-06-17,14432.2014
2010-06-18,14432.2014
2010-06-21,14432.2014
2010-06-22,14432.2014
2010-06-23,14264.6653
2010-06-24,13561.9553
2010-06-25,13821.3237
2010-06-28,13660.954
2010-06-29,12836.8279
2010-06-30,12552.3609
2010-07-01,12518.4382
2010-07-02,12426.8915
2010-07-06,12523.103
2010-07-07,13020.453
2010-07-08,13020.453
2010-07-09,13020.453
2010-07-12,13020.453
2010-07-13,13020.453
2010-07-14,13020.453
2010-07-15,13020.453
2010-07-16,13020.453
2010-07-19,13113.5006
2010-07-20,13113.5006
2010-07-21,13113.5006
2010-07-22,13113.5006
2010-07-23,13113.5006
2010-07-26,13113.5006
2010-07-27,13113.5006
2010-07-28,13113.5006
2010-07-29,13113.5006
2010-07-30,13113.5006
2010-08-02,13364.5387
2010-08-03,13364.5387
2010-08-04,13364.5387
2010-08-05,13364.5387
2010-08-06,13364.5387
2010-08-09,13364.5387
2010-08-10,13364.5387
2010-08-11,13364.5387
2010-08-12,13759.9578
2010-08-13,13759.9578
2010-08-16,14015.5503
2010-08-17,14015.5503
2010-08-18,14015.5503
2010-08-19,14015.5503
2010-08-20,14015.5503
2010-08-23,14015.5503
2010-08-24,14015.5503
2010-08-25,14392.6698
2010-08-26,13920.5484
2010-08-27,14576.1621
2010-08-30,14054.5914
2010-08-31,14094.7122
2010-09-01,15312.9581
2010-09-02,15312.9581
2010-09-03,15312.9581
2010-09-07,15312.9581
2010-09-08,15312.9581
2010-09-09,15312.9581
2010-09-10,15312.9581
2010-09-13,15312.9581
2010-09-14,15312.9581
2010-09-15,15312.9581
2010-09-16,15312.9581
2010-09-17,15312.9581
2010-09-20,15312.9581
2010-09-21,15312.9581
2010-09-22,15312.9581
2010-09-23,15312.9581
2010-09-24,15312.9581
2010-09-27,15312.9581
2010-09-28,15312.9581
2010-09-29,15312.9581
2010-09-30,15312.9581
2010-10-01,15312.9581
2010-10-04,15312.9581
2010-10-05,15312.9581
2010-10-06,15312.9581
2010-10-07,15312.9581
2010-10-08,15312.9581
2010-10-11,15312.9581
2010-10-12,15312.9581
2010-10-13,15312.9581
2010-10-14,15312.9581
2010-10-15,15312.9581
2010-10-18,15312.9581
2010-10-19,15312.9581
2010-10-20,15659.5541
2010-10-21,15659.5541
2010-10-22,15659.5541
2010-10-25,15659.5541
2010-10-26,15659.5541
2010-10-27,15659.5541
2010-10-28,15439.9555
2010-10-29,15449.9251
2010-11-01,15463.5078
2010-11-02,15697.6657
2010-11-03,15697.6657
2010-11-04,15697.6657
2010-11-05,15697.6657
2010-11-08,15697.6657
2010-11-09,15697.6657
2010-11-10,15887.7011
2010-11-11,15887.7011
2010-11-12,15887.7011
2010-11-15,15666.8095
2010-11-16,14930.2639
2010-11-17,14953.3607
2010-11-18,15389.9533
2010-11-19,15469.2545
2010-11-22,15453.2459
2010-11-23,15140.4905
2010-11-24,15430.3891
2010-11-26,15248.5518
2010-11-29,15261.9577
2010-11-30,15261.9577
2010-12-01,15261.9577
2010-12-02,15261.9577
2010-12-03,15261.9577
2010-12-06,15261.9577
2010-12-07,15261.9577
2010-12-08,15261.9577
2010-12-09,15261.9577
2010-12-10,15261.9577
2010-12-13,15261.9577
2010-12-14,15261.9577
2010-12-15,15261.9577
2010-12-16,15434.6538
2010-12-17,15434.6538
2010-12-20,15434.6538
2010-12-21,15434.6538
2010-12-22,15434.6538
2010-12-23,15434.6538
2010-12-27,15434.6538
2010-12-28,15434.6538
2010-12-29,15434.6538
2010-12-30,15434.6538
2010-12-31,15434.6538
2011-01-03,15434.6538
2011-01-04,15434.6538
2011-01-05,15434.6538
2011-01-06,15434.6538
2011-01-07,15434.6538
2011-01-10,15434.6538
2011-01-11,15434.6538
2011-01-12,15434.6538
2011-01-13,15434.6538
2011-01-14,15434.6538
2011-01-18,15434.6538
2011-01-19,15434.6538
2011-01-20,15434.6538
2011-01-21,15434.6538
2011-01-24,15727.0134
2011-01-25,15727.0134
2011-01-26,15727.0134
2011-01-27,15727.0134
2011-01-28,15727.0134
2011-01-31,15931.523
2011-02-01,15931.523
2011-02-02,15931.523
2011-02-03,15931.523
2011-02-04,15931.523
2011-02-07,15931.523
2011-02-08,15931.523
2011-02-09,15931.523
2011-02-10,15931.523
2011-02-11,15931.523
2011-02-14,15931.523
2011-02-15,15931.523
2011-02-16,15931.523
2011-02-17,15931.523
2011-02-18,15931.523
2011-02-22,15931.523
2011-02-23,15931.523
2011-02-24,15974.7007
2011-02-25,15974.7007
2011-02-28,15974.7007
2011-03-01,15974.7007
2011-03-02,16125.8286
2011-03-03,16483.2736
2011-03-04,16483.2736
2011-03-07,16483.2736
2011-03-08,16483.2736
2011-03-09,16483.2736
2011-03-10,16483.2736
2011-03-11,16483.2736
2011-03-14,16483.2736
2011-03-15,16483.2736
2011-03-16,15704.6163
2011-03-17,16284.4083
2011-03-18,16506.1519
2011-03-21,16624.0851
2011-03-22,16624.0851
2011-03-23,16624.0851
2011-03-24,16624.0851
2011-03-25,16624.0851
2011-03-28,16624.0851
2011-03-29,16624.0851
2011-03-30,16624.0851
2011-03-31,16624.0851
2011-04-01,16624.0851
2011-04-04,16624.0851
2011-04-05,16624.0851
2011-04-06,16624.0851
2011-04-07,16624.0851
2011-04-08,16624.0851
2011-04-11,16624.0851
2011-04-12,16624.0851
2011-04-13,16389.5692
2011-04-14,16427.6339
2011-04-15,16564.9368
2011-04-18,16232.5156
2011-04-19,16387.4747
2011-04-20,16850.898
2011-04-21,16850.898
2011-04-25,16850.898
2011-04-26,16850.898
2011-04-27,16850.898
2011-04-28,16850.898
2011-04-29,16850.898
2011-05-02,16850.898
2011-05-03,16850.898
2011-05-04,16534.2024
2011-05-05,16104.4463
2011-05-06,16274.7913
2011-05-09,16426.6248
2011-05-10,16702.5796
2011-05-11,16702.5796
2011-05-12,16702.5796
2011-05-13,16702.5796
2011-05-16,16597.1603
2011-05-17,16597.1603
2011-05-18,17045.5477
2011-05-19,17045.5477
2011-05-20,17045.5477
2011-05-23,17045.5477
2011-05-24,17045.5477
2011-05-25,17045.5477
2011-05-26,17045.5477
2011-05-27,17045.5477
2011-05-31,17045.5477
2011-06-01,17045.5477
2011-06-02,16949.1741
2011-06-03,16462.8374
2011-06-06,15919.5918
2011-06-07,15894.749
2011-06-08,15769.1349
2011-06-09,15989.7045
2011-06-10,15703.3103
2011-06-13,15714.993
2011-06-14,15976.0587
2011-06-15,15597.1364
2011-06-16,15653.4477
2011-06-17,15653.4477
2011-06-20,15653.4477
2011-06-21,15653.4477
2011-06-22,15653.4477
2011-06-23,15653.4477
2011-06-24,15653.4477
2011-06-27,15653.4477
2011-06-28,15653.4477
2011-06-29,15653.4477
2011-06-30,15653.4477
2011-07-01,15653.4477
2011-07-05,15653.4477
2011-07-06,15653.4477
2011-07-07,15653.4477
2011-07-08,15653.4477
2011-07-11,15653.4477
2011-07-12,15653.4477
2011-07-13,15593.6926
2011-07-14,15264.3038
2011-07-15,15489.8816
2011-07-18,15248.9725
2011-07-19,15733.4403
2011-07-20,15733.4403
2011-07-21,15733.4403
2011-07-22,15733.4403
2011-07-25,15733.4403
2011-07-26,15733.4403
2011-07-27,15733.4403
2011-07-28,15617.0342
2011-07-29,15281.6886
2011-08-01,15069.25
2011-08-02,14324.8748
2011-08-03,14456.8213
2011-08-04,13122.2701
2011-08-05,13099.1004
2011-08-08,12036.8912
2011-08-09,12636.9814
2011-08-10,11991.5077
2011-08-11,13243.398
2011-08-12,13243.398
2011-08-15,13243.398
2011-08-16,13243.398
2011-08-17,13243.398
2011-08-18,13243.398
2011-08-19,13243.398
2011-08-22,12450.1082
2011-08-23,13644.1019
2011-08-24,13644.1019
2011-08-25,13644.1019
2011-08-26,13644.1019
2011-08-29,13644.1019
2011-08-30,13644.1019
2011-08-31,13644.1019
2011-09-01,13644.1019
2011-09-02,13644.1019
2011-09-06,14626.2507
2011-09-07,14626.2507
2011-09-08,14626.2507
2011-09-09,14626.2507
2011-09-12,14626.2507
2011-09-13,14626.2507
2011-09-14,14626.2507
2011-09-15,14626.2507
2011-09-16,14626.2507
2011-09-19,14626.2507
2011-09-20,14626.2507
2011-09-21,14626.2507
2011-09-22,14445.8626
2011-09-23,14664.2558
2011-09-26,15250.5638
2011-09-27,15250.5638
2011-09-28,15250.5638
2011-09-29,15250.5638
2011-09-30,15250.5638
2011-10-03,15250.5638
2011-10-04,15250.5638
2011-10-05,15250.5638
2011-10-06,15250.5638
2011-10-07,15250.5638
2011-10-10,15250.5638
2011-10-11,15250.5638
2011-10-12,15250.5638
2011-10-13,15250.5638
2011-10-14,15250.5638
2011-10-17,15250.5638
2011-10-18,15250.5638
2011-10-19,15250.5638
2011-10-20,15250.5638
2011-10-21,15250.5638
2011-10-24,15250.5638
2011-10-25,15250.5638
2011-10-26,15225.1501
2011-10-27,16780.9736
2011-10-28,16780.9736
2011-10-31,16780.9736
2011-11-01,16780.9736
2011-11-02,16841.4264
2011-11-03,17141.3346
2011-11-04,17141.3346
2011-11-07,17463.5358
2011-11-08,17463.5358
2011-11-09,17463.5358
2011-11-10,17251.859
2011-11-11,18251.6005
2011-11-14,18251.6005
2011-11-15,18251.6005
2011-11-16,18251.6005
2011-11-17,17469.7057
2011-11-18,17390.9125
2011-11-21,16388.8147
2011-11-22,16271.1667
2011-11-23,15571.5739
2011-11-25,15466.5163
2011-11-28,16065.9707
2011-11-29,16123.3843
2011-11-30,17033.7459
2011-12-01,17033.7459
2011-12-02,17033.7459
2011-12-05,17033.7459
2011-12-06,17033.7459
2011-12-07,17033.7459
2011-12-08,17033.7459
2011-12-09,17033.7459
2011-12-12,17033.7459
2011-12-13,17033.7459
2011-12-14,16654.6171
2011-12-15,16833.5386
2011-12-16,16929.1351
2011-12-19,16561.0911
2011-12-20,17562.4051
2011-12-21,17562.4051
2011-12-22,17562.4051
2011-12-23,17562.4051
2011-12-27,17562.4051
2011-12-28,17562.4051
2011-12-29,17917.7735
2011-12-30,17917.7735
2012-01-03,17855.3266
2012-01-04,17883.6989
2012-01-05,18064.8506
2012-01-06,18064.8506
2012-01-09,18064.8506
2012-01-10,18064.8506
2012-01-11,18064.8506
2012-01-12,18064.8506
2012-01-13,18064.8506
2012-01-17,18064.8506
2012-01-18,18064.8506
2012-01-19,18064.8506
2012-01-20,18064.8506
2012-01-23,18064.8506
2012-01-24,18064.8506
2012-01-25,18064.8506
2012-01-26,18064.8506
2012-01-27,18064.8506
2012-01-30,18064.8506
2012-01-31,18064.8506
2012-02-01,18064.8506
2012-02-02,18064.8506
2012-02-03,18064.8506
2012-02-06,18064.8506
2012-02-07,18064.8506
2012-02-08,18064.8506
2012-02-09,18064.8506
2012-02-10,18064.8506
2012-02-13,18064.8506
2012-02-14,18064.8506
2012-02-15,18064.8506
2012-02-16,18641.0356
2012-02-17,18641.0356
2012-02-21,18641.0356
2012-02-22,18641.0356
2012-02-23,18935.7331
2012-02-24,18935.7331
2012-02-27,18935.7331
2012-02-28,18935.7331
2012-02-29,18935.7331
2012-03-01,18935.7331
2012-03-02,18935.7331
2012-03-05,18935.7331
2012-03-06,18935.7331
2012-03-07,19192.8762
2012-03-08,19412.8826
2012-03-09,19412.8826
2012-03-12,19412.8826
2012-03-13,19412.8826
2012-03-14,19412.8826
2012-03-15,19412.8826
2012-03-16,19412.8826
2012-03-19,19412.8826
2012-03-20,19412.8826
2012-03-21,19412.8826
2012-03-22,19412.8826
2012-03-23,19412.8826
2012-03-26,19797.122
2012-03-27,19797.122
2012-03-28,19797.122
2012-03-29,20050.274
2012-03-30,20050.274
2012-04-02,20050.274
2012-04-03,20050.274
2012-04-04,20050.274
2012-04-05,20050.274
2012-04-09,20168.1614
2012-04-10,20168.1614
2012-04-11,19970.8758
2012-04-12,20839.4357
2012-04-13,20839.4357
2012-04-16,20441.1092
2012-04-17,21363.309
2012-04-18,21363.309
2012-04-19,21363.309
2012-04-20,21363.309
2012-04-23,21363.309
2012-04-24,21363.309
2012-04-25,21363.309
2012-04-26,21363.309
2012-04-27,21363.309
2012-04-30,21363.309
2012-05-01,21363.309
2012-05-02,21363.309
2012-05-03,21363.309
2012-05-04,21363.309
2012-05-07,21630.1365
2012-05-08,21630.1365
2012-05-09,21630.1365
2012-05-10,21297.1241
2012-05-11,21101.0726
2012-05-14,20409.3204
2012-05-15,20179.6535
2012-05-16,20024.6926
2012-05-17,19410.3979
2012-05-18,19202.4844
2012-05-21,19632.0111
2012-05-22,19641.9802
2012-05-23,19678.0646
2012-05-24,19678.0646
2012-05-25,19678.0646
2012-05-29,19678.0646
2012-05-30,19678.0646
2012-05-31,19569.4426
2012-06-01,18084.8488
2012-06-04,18079.0875
2012-06-05,18311.7418
2012-06-06,19181.3732
2012-06-07,19181.3732
2012-06-08,19181.3732
2012-06-11,19181.3732
2012-06-12,19181.3732
2012-06-13,19181.3732
2012-06-14,19181.3732
2012-06-15,19181.3732
2012-06-18,19181.3732
2012-06-19,19181.3732
2012-06-20,19181.3732
2012-06-21,19181.3732
2012-06-22,19181.3732
2012-06-25,19181.3732
2012-06-26,19181.3732
2012-06-27,19181.3732
2012-06-28,19181.3732
2012-06-29,19181.3732
2012-07-02,19181.3732
2012-07-03,19181.3732
2012-07-05,19181.3732
2012-07-06,19181.3732
2012-07-09,19150.9538
2012-07-10,18644.1314
2012-07-11,18636.4009
2012-07-12,18476.0077
2012-07-13,19080.1219
2012-07-16,19080.1219
2012-07-17,19080.1219
2012-07-18,19080.1219
2012-07-19,19080.1219
2012-07-20,19080.1219
2012-07-23,19080.1219
2012-07-24,19080.1219
2012-07-25,19080.1219
2012-07-26,19080.1219
2012-07-27,19080.1219
2012-07-30,19080.1219
2012-07-31,19080.1219
2012-08-01,18663.0041
2012-08-02,18248.3437
2012-08-03,19330.1936
2012-08-06,19330.1936
2012-08-07,19330.1936
2012-08-08,19330.1936
2012-08-09,19330.1936
2012-08-10,19330.1936
2012-08-13,19330.1936
2012-08-14,19330.1936
2012-08-15,19330.1936
2012-08-16,19330.1936
2012-08-17,19330.1936
2012-08-20,19330.1936
2012-08-21,19330.1936
2012-08-22,19330.1936
2012-08-23,19330.1936
2012-08-24,19330.1936
2012-08-27,19185.8641
2012-08-28,19127.1002
2012-08-29,19165.4993
2012-08-30,18889.7383
2012-08-31,19055.4983
2012-09-04,18995.2253
2012-09-05,18998.2351
2012-09-06,19503.6247
2012-09-07,19503.6247
2012-09-10,19503.6247
2012-09-11,19503.6247
2012-09-12,19503.6247
2012-09-13,19503.6247
2012-09-14,19503.6247
2012-09-17,19503.6247
2012-09-18,19503.6247
2012-09-19,19503.6247
2012-09-20,19503.6247
2012-09-21,19503.6247
2012-09-24,19503.6247
2012-09-25,19503.6247
2012-09-26,19170.2766
2012-09-27,19733.3325
2012-09-28,19733.3325
2012-10-01,19619.1409
2012-10-02,19705.3802
2012-10-03,19944.7219
2012-10-04,19944.7219
2012-10-05,19944.7219
2012-10-08,19944.7219
2012-10-09,19944.7219
2012-10-10,19584.3488
2012-10-11,19604.0908
2012-10-12,19364.6512
2012-10-15,19714.6858
2012-10-16,20108.6636
2012-10-17,20108.6636
2012-10-18,20108.6636
2012-10-19,20108.6636
2012-10-22,20108.6636
2012-10-23,20108.6636
2012-10-24,19729.0844
2012-10-25,19894.5068
2012-10-26,19854.8672
2012-10-31,19819.1681
2012-11-01,20271.2034
2012-11-02,20271.2034
2012-11-05,20480.5939
2012-11-06,20480.5939
2012-11-07,20480.5939
2012-11-08,19709.9431
2012-11-09,19749.8846
2012-11-12,19824.6831
2012-11-13,19703.2658
2012-11-14,19169.3645
2012-11-15,19096.1792
2012-11-16,19215.9367
2012-11-19,19716.1246
2012-11-20,19757.1602
2012-11-21,19804.8399
2012-11-23,19804.8399
2012-11-26,19804.8399
2012-11-27,19804.8399
2012-11-28,19804.8399
2012-11-29,19804.8399
2012-11-30,19804.8399
2012-12-03,19804.8399
2012-12-04,19804.8399
2012-12-05,19823.7885
2012-12-06,19823.7885
2012-12-07,19823.7885
2012-12-10,19823.7885
2012-12-11,19823.7885
2012-12-12,19823.7885
2012-12-13,19823.7885
2012-12-14,19823.7885
2012-12-17,20343.0403
2012-12-18,20343.0403
2012-12-19,20343.0403
2012-12-20,20343.0403
2012-12-21,20343.0403
2012-12-24,20343.0403
2012-12-26,20343.0403
2012-12-27,20249.3714
2012-12-28,19550.7266
2012-12-31,20620.8922
2013-01-02,20620.8922
2013-01-03,20620.8922
2013-01-04,20620.8922
2013-01-07,20620.8922
2013-01-08,20620.8922
2013-01-09,20620.8922
2013-01-10,20620.8922
2013-01-11,20620.8922
2013-01-14,20620.8922
2013-01-15,20620.8922
2013-01-16,20620.8922
2013-01-17,20620.8922
2013-01-18,20620.8922
2013-01-22,20620.8922
2013-01-23,20620.8922
2013-01-24,20620.8922
2013-01-25,20620.8922
2013-01-28,20620.8922
2013-01-29,20620.8922
2013-01-30,20620.8922
2013-01-31,20620.8922
2013-02-01,20620.8922
2013-02-04,20620.8922
2013-02-05,20620.8922
2013-02-06,20620.8922
2013-02-07,20620.8922
2013-02-08,20620.8922
2013-02-11,20620.8922
2013-02-12,20620.8922
2013-02-13,20620.8922
2013-02-14,20620.8922
2013-02-15,20620.8922
2013-02-19,20620.8922
2013-02-20,20620.8922
2013-02-21,20396.9894
2013-02-22,20992.7514
2013-02-25,19531.1611
2013-02-26,19929.2932
2013-02-27,20667.0113
2013-02-28,20612.362
2013-03-01,20741.176
2013-03-04,20923.3298
2013-03-05,20923.3298
2013-03-06,20923.3298
2013-03-07,20923.3298
2013-03-08,20923.3298
2013-03-11,20923.3298
2013-03-12,20923.3298
2013-03-13,20923.3298
2013-03-14,20923.3298
2013-03-15,20923.3298
2013-03-18,20923.3298
2013-03-19,20923.3298
2013-03-20,20923.3298
2013-03-21,20923.3298
2013-03-22,20923.3298
2013-03-25,20923.3298
2013-03-26,20923.3298
2013-03-27,20923.3298
2013-03-28,20923.3298
2013-04-01,20923.3298
2013-04-02,20923.3298
2013-04-03,20923.3298
2013-04-04,21098.7105
2013-04-05,21098.7105
2013-04-08,21433.3028
2013-04-09,21433.3028
2013-04-10,21433.3028
2013-04-11,21433.3028
2013-04-12,21433.3028
2013-04-15,21433.3028
2013-04-16,21433.3028
2013-04-17,21433.3028
2013-04-18,20921.8223
2013-04-19,21459.5621
2013-04-22,21459.5621
2013-04-23,21459.5621
2013-04-24,21459.5621
2013-04-25,21459.5621
2013-04-26,21459.5621
2013-04-29,21459.5621
2013-04-30,21459.5621
2013-05-01,21459.5621
2013-05-02,21902.3773
2013-05-03,21902.3773
2013-05-06,21902.3773
2013-05-07,21902.3773
2013-05-08,21902.3773
2013-05-09,21902.3773
2013-05-10,21902.3773
2013-05-13,21902.3773
2013-05-14,21902.3773
2013-05-15,21902.3773
2013-05-16,21902.3773
2013-05-17,21902.3773
2013-05-20,21902.3773
2013-05-21,21902.3773
2013-05-22,21902.3773
2013-05-23,22432.541
2013-05-24,22432.541
2013-05-28,22128.732
2013-05-29,21839.1762
2013-05-30,21939.4176
2013-05-31,21298.6253
2013-06-03,21523.5327
2013-06-04,21335.7583
2013-06-05,20917.7642
2013-06-06,21171.6716
2013-06-07,21525.2948
2013-06-10,21526.0065
2013-06-11,21526.0065
2013-06-12,20548.9441
2013-06-13,21500.0882
2013-06-14,21097.0677
2013-06-17,21421.6473
2013-06-18,21421.6473
2013-06-19,21421.6473
2013-06-20,20417.1608
2013-06-21,20585.173
2013-06-24,19812.4816
2013-06-25,20208.9424
2013-06-26,20593.2526
2013-06-27,20859.9056
2013-06-28,20688.0802
2013-07-01,20900.2499
2013-07-02,20900.2499
2013-07-03,20900.2499
2013-07-05,20900.2499
2013-07-08,20900.2499
2013-07-09,20900.2499
2013-07-10,20900.2499
2013-07-11,20900.2499
2013-07-12,20900.2499
2013-07-15,20900.2499
2013-07-16,20900.2499
2013-07-17,20804.586
2013-07-18,21143.2448
2013-07-19,21143.2448
2013-07-22,21143.2448
2013-07-23,21143.2448
2013-07-24,21143.2448
2013-07-25,21412.7917
2013-07-26,21412.7917
2013-07-29,21412.7917
2013-07-30,21412.7917
2013-07-31,21412.7917
2013-08-01,21412.7917
2013-08-02,21412.7917
2013-08-05,21412.7917
2013-08-06,21412.7917
2013-08-07,21409.9635
2013-08-08,21643.4511
2013-08-09,21643.4511
2013-08-12,21873.5293
2013-08-13,21873.5293
2013-08-14,21873.5293
2013-08-15,21873.5293
2013-08-16,21873.5293
2013-08-19,21533.3713
2013-08-20,21835.3873
2013-08-21,21431.6593
2013-08-22,21800.4173
2013-08-23,21800.4173
2013-08-26,21800.4173
2013-08-27,21800.4173
2013-08-28,22049.1961
2013-08-29,22326.6307
2013-08-30,22326.6307
2013-09-03,21992.0298
2013-09-04,22546.6516
2013-09-05,22546.6516
2013-09-06,22546.6516
2013-09-09,22546.6516
2013-09-10,22546.6516
2013-09-11,22546.6516
2013-09-12,22546.6516
2013-09-13,22546.6516
2013-09-16,22546.6516
2013-09-17,22546.6516
2013-09-18,22546.6516
2013-09-19,22546.6516
2013-09-20,22546.6516
2013-09-23,22546.6516
2013-09-24,22546.6516
2013-09-25,22546.6516
2013-09-26,22698.9475
2013-09-27,22698.9475
2013-09-30,22898.2882
2013-10-01,22898.2882
2013-10-02,22898.2882
2013-10-03,22898.2882
2013-10-04,22898.2882
2013-10-07,22898.2882
2013-10-08,22898.2882
2013-10-09,22782.8201
2013-10-10,24263.3263
2013-10-11,24263.3263
2013-10-14,24263.3263
2013-10-15,24263.3263
2013-10-16,24263.3263
2013-10-17,24263.3263
2013-10-18,24263.3263
2013-10-21,24263.3263
2013-10-22,24263.3263
2013-10-23,24263.3263
2013-10-24,24263.3263
2013-10-25,24263.3263
2013-10-28,24263.3263
2013-10-29,24263.3263
2013-10-30,24263.3263
2013-10-31,24263.3263
2013-11-01,24263.3263
2013-11-04,24263.3263
2013-11-05,24263.3263
2013-11-06,24263.3263
2013-11-07,24263.3263
2013-11-08,24263.3263
2013-11-11,24263.3263
2013-11-12,24263.3263
2013-11-13,24263.3263
2013-11-14,24263.3263
2013-11-15,24263.3263
2013-11-18,24263.3263
2013-11-19,24263.3263
2013-11-20,24263.3263
2013-11-21,24629.7149
2013-11-22,24629.7149
2013-11-25,24629.7149
2013-11-26,24629.7149
2013-11-27,24629.7149
2013-11-29,24629.7149
2013-12-02,24629.7149
2013-12-03,24629.7149
2013-12-04,24876.7963
2013-12-05,24708.3808
2013-12-06,25495.5555
2013-12-09,25495.5555
2013-12-10,25495.5555
2013-12-11,24595.5647
2013-12-12,24384.1587
2013-12-13,24324.1873
2013-12-16,24632.8196
2013-12-17,24468.9726
2013-12-18,25318.6692
2013-12-19,25318.6692
2013-12-20,25318.6692
2013-12-23,25318.6692
2013-12-24,25318.6692
2013-12-26,25318.6692
2013-12-27,25318.6692
2013-12-30,25318.6692
2013-12-31,25318.6692
2014-01-02,25318.6692
2014-01-03,25318.6692
2014-01-06,24881.7269
2014-01-07,25313.4742
2014-01-08,25340.2714
2014-01-09,25340.2714
2014-01-10,25340.2714
2014-01-13,25340.2714
2014-01-14,25340.2714
2014-01-15,25340.2714
2014-01-16,25340.2714
2014-01-17,25340.2714
2014-01-21,25340.2714
2014-01-22,25340.2714
2014-01-23,25340.2714
2014-01-24,25340.2714
2014-01-27,24876.8419
2014-01-28,25314.2707
2014-01-29,24558.1565
2014-01-30,25112.4343
2014-01-31,25112.4343
2014-02-03,25112.4343
2014-02-04,25112.4343
2014-02-05,25112.4343
2014-02-06,25112.4343
2014-02-07,25112.4343
2014-02-10,25112.4343
2014-02-11,25112.4343
2014-02-12,25112.4343
2014-02-13,25112.4343
2014-02-14,25112.4343
2014-02-18,25112.4343
2014-02-19,25112.4343
2014-02-20,25419.7063
2014-02-21,25419.7063
2014-02-24,25419.7063
2014-02-25,25419.7063
2014-02-26,25419.7063
2014-02-27,25419.7063
2014-02-28,25419.7063
2014-03-03,25419.7063
2014-03-04,25419.7063
2014-03-05,25419.7063
2014-03-06,25419.7063
2014-03-07,25419.7063
2014-03-10,25419.7063
2014-03-11,25419.7063
2014-03-12,25419.7063
2014-03-13,25419.7063
2014-03-14,25419.7063
2014-03-17,25709.6562
2014-03-18,25709.6562
2014-03-19,25709.6562
2014-03-20,25709.6562
2014-03-21,25709.6562
2014-03-24,25709.6562
2014-03-25,25709.6562
2014-03-26,25709.6562
2014-03-27,25709.6562
2014-03-28,25709.6562
2014-03-31,25709.6562
2014-04-01,25709.6562
2014-04-02,25709.6562
2014-04-03,25709.6562
2014-04-04,25709.6562
2014-04-07,25027.8833
2014-04-08,25360.8608
2014-04-09,26176.3456
2014-04-10,26176.3456
2014-04-11,26176.3456
2014-04-14,26170.6564
2014-04-15,26710.5787
2014-04-16,26710.5787
2014-04-17,26710.5787
2014-04-21,26710.5787
2014-04-22,26710.5787
2014-04-23,26710.5787
2014-04-24,26710.5787
2014-04-25,26710.5787
2014-04-28,26710.5787
2014-04-29,26710.5787
2014-04-30,26710.5787
2014-05-01,26710.5787
2014-05-02,26710.5787
2014-05-05,26710.5787
2014-05-06,26710.5787
2014-05-07,26710.5787
2014-05-08,26710.5787
2014-05-09,26710.5787
2014-05-12,26710.5787
2014-05-13,26710.5787
2014-05-14,26710.5787
2014-05-15,26710.5787
2014-05-16,26710.5787
2014-05-19,27169.1867
2014-05-20,27169.1867
2014-05-21,27169.1867
2014-05-22,27169.1867
2014-05-23,27169.1867
2014-05-27,27169.1867
2014-05-28,27169.1867
2014-05-29,27169.1867
2014-05-30,27169.1867
2014-06-02,27169.1867
2014-06-03,27169.1867
2014-06-04,27169.1867
2014-06-05,27169.1867
2014-06-06,27169.1867
2014-06-09,27169.1867
2014-06-10,27169.1867
2014-06-11,27169.1867
2014-06-12,26704.1834
2014-06-13,26947.64
2014-06-16,26993.8777
2014-06-17,27138.3119
2014-06-18,27138.3119
2014-06-19,27138.3119
2014-06-20,27138.3119
2014-06-23,27138.3119
2014-06-24,27138.3119
2014-06-25,27681.8271
2014-06-26,27681.8271
2014-06-27,27681.8271
2014-06-30,27681.8271
2014-07-01,27681.8271
2014-07-02,27681.8271
2014-07-03,27681.8271
2014-07-07,27681.8271
2014-07-08,27681.8271
2014-07-09,27857.5954
2014-07-10,28337.2454
2014-07-11,28337.2454
2014-07-14,28330.1846
2014-07-15,28183.7319
2014-07-16,28491.0532
2014-07-17,28491.0532
2014-07-18,28491.0532
2014-07-21,28491.0532
2014-07-22,28491.0532
2014-07-23,28491.0532
2014-07-24,28491.0532
2014-07-25,28491.0532
2014-07-28,28491.0532
2014-07-29,28491.0532
2014-07-30,28491.0532
2014-07-31,28491.0532
2014-08-01,28491.0532
2014-08-04,28918.1366
2014-08-05,28918.1366
2014-08-06,29331.3713
2014-08-07,28457.1967
2014-08-08,29449.4372
2014-08-11,29449.4372
2014-08-12,29449.4372
2014-08-13,29720.9059
2014-08-14,29720.9059
2014-08-15,29720.9059
2014-08-18,29720.9059
2014-08-19,29720.9059
2014-08-20,29720.9059
2014-08-21,29720.9059
2014-08-22,29720.9059
2014-08-25,29720.9059
2014-08-26,29720.9059
2014-08-27,29720.9059
2014-08-28,29720.9059
2014-08-29,29720.9059
2014-09-02,29720.9059
2014-09-03,29720.9059
2014-09-04,29720.9059
2014-09-05,29720.9059
2014-09-08,29720.9059
2014-09-09,29720.9059
2014-09-10,30019.2075
2014-09-11,30019.2075
2014-09-12,30019.2075
2014-09-15,29938.9748
2014-09-16,30619.8181
2014-09-17,30619.8181
2014-09-18,30619.8181
2014-09-19,30619.8181
2014-09-22,30619.8181
2014-09-23,30619.8181
2014-09-24,31327.5113
2014-09-25,31327.5113
2014-09-26,31327.5113
2014-09-29,31992.5896
2014-09-30,31992.5896
2014-10-01,31992.5896
2014-10-02,32063.6401
2014-10-03,32063.6401
2014-10-06,32063.6401
2014-10-07,32063.6401
2014-10-08,33723.7848
2014-10-09,33723.7848
2014-10-10,33723.7848
2014-10-13,32136.5114
2014-10-14,32302.9122
2014-10-15,31515.6635
2014-10-16,31502.8598
2014-10-17,32292.3516
2014-10-20,32909.0196
2014-10-21,33790.9593
2014-10-22,33790.9593
2014-10-23,33790.9593
2014-10-24,33790.9593
2014-10-27,33790.9593
2014-10-28,33790.9593
2014-10-29,33790.9593
2014-10-30,33790.9593
2014-10-31,33790.9593
2014-11-03,33790.9593
2014-11-04,33790.9593
2014-11-05,33704.9842
2014-11-06,34128.7187
2014-11-07,34128.7187
2014-11-10,34128.7187
2014-11-11,34128.7187
2014-11-12,34128.7187
2014-11-13,34128.7187
2014-11-14,34128.7187
2014-11-17,34128.7187
2014-11-18,34128.7187
2014-11-19,34128.7187
2014-11-20,34128.7187
2014-11-21,34128.7187
2014-11-24,34128.7187
2014-11-25,34128.7187
2014-11-26,34128.7187
2014-11-28,34128.7187
2014-12-01,34128.7187
2014-12-02,34128.7187
2014-12-03,34128.7187
2014-12-04,34128.7187
2014-12-05,34128.7187
2014-12-08,34128.7187
2014-12-09,34128.7187
2014-12-10,34128.7187
2014-12-11,34256.4847
2014-12-12,34256.4847
2014-12-15,32944.6487
2014-12-16,32210.3237
2014-12-17,34160.2946
2014-12-18,35783.4339
2014-12-19,35783.4339
2014-12-22,35783.4339
2014-12-23,35783.4339
2014-12-24,35783.4339
2014-12-26,35783.4339
2014-12-29,35783.4339
2014-12-30,35783.4339
2014-12-31,34523.7162
2015-01-02,34430.011
2015-01-05,32576.8594
2015-01-06,31988.5548
2015-01-07,32767.7595
2015-01-08,33923.5632
2015-01-09,33546.2275
2015-01-12,33183.9156
2015-01-13,33063.5414
2015-01-14,32808.888
2015-01-15,31563.9394
2015-01-16,32740.5274
2015-01-20,33001.122
2015-01-21,33001.122
2015-01-22,33001.122
2015-01-23,33001.122
2015-01-26,33001.122
2015-01-27,33001.122
2015-01-28,31019.315
2015-01-29,31939.8229
2015-01-30,30699.696
2015-02-02,31448.2779
2015-02-03,32375.9013
2015-02-04,32375.9013
2015-02-05,32375.9013
2015-02-06,32375.9013
2015-02-09,32375.9013
2015-02-10,32375.9013
2015-02-11,32375.9013
2015-02-12,32375.9013
2015-02-13,32375.9013
2015-02-17,32375.9013
2015-02-18,32375.9013
2015-02-19,32375.9013
2015-02-20,32375.9013
2015-02-23,32375.9013
2015-02-24,32375.9013
2015-02-25,32375.9013
2015-02-26,32375.9013
2015-02-27,32375.9013
2015-03-02,32375.9013
2015-03-03,32375.9013
2015-03-04,32375.9013
2015-03-05,32293.1454
2015-03-06,30907.5473
2015-03-09,31314.2709
2015-03-10,30294.0278
2015-03-11,30148.493
2015-03-12,30900.6604
2015-03-13,30649.2979
2015-03-16,31195.9729
2015-03-17,31062.1104
2015-03-18,31547.4729
2015-03-19,31547.4729
2015-03-20,31547.4729
2015-03-23,31547.4729
2015-03-24,31547.4729
2015-03-25,30030.6024
2015-03-26,29833.0779
2015-03-27,30014.7016
2015-03-30,30753.4066
2015-03-31,30214.5201
2015-04-01,30002.6026
2015-04-02,30122.7572
2015-04-06,30409.5141
2015-04-07,30294.4066
2015-04-08,30438.7846
2015-04-09,30438.7846
2015-04-10,30438.7846
2015-04-13,30438.7846
2015-04-14,30438.7846
2015-04-15,30438.7846
2015-04-16,30438.7846
2015-04-17,30438.7846
2015-04-20,30762.1241
2015-04-21,30762.1241
2015-04-22,30762.1241
2015-04-23,30762.1241
2015-04-24,30762.1241
2015-04-27,30762.1241
2015-04-28,30762.1241
2015-04-29,30762.1241
2015-04-30,30115.5795
2015-05-01,31078.9049
2015-05-04,31078.9049
2015-05-05,31078.9049
2015-05-06,30388.2007
2015-05-07,30757.048
2015-05-08,31952.981
2015-05-11,31952.981
2015-05-12,31952.981
2015-05-13,31746.4655
2015-05-14,32740.97
2015-05-15,32740.97
2015-05-18,32740.97
2015-05-19,32740.97
2015-05-20,32740.97
2015-05-21,32740.97
2015-05-22,32740.97
2015-05-26,32740.97
2015-05-27,32740.97
2015-05-28,32740.97
2015-05-29,32740.97
2015-06-01,32740.97
2015-06-02,32740.97
2015-06-03,32740.97
2015-06-04,32740.97
2015-06-05,32740.97
2015-06-08,32216.757
2015-06-09,32164.7801
2015-06-10,33350.2335
2015-06-11,33350.2335
2015-06-12,33350.2335
2015-06-15,33350.2335
2015-06-16,33350.2335
2015-06-17,33350.2335
2015-06-18,33350.2335
2015-06-19,33350.2335
2015-06-22,33350.2335
2015-06-23,33350.2335
2015-06-24,33350.2335
2015-06-25,32717.6611
2015-06-26,32722.322
2015-06-29,30680.2029
2015-06-30,30822.8774
2015-07-01,31281.9412
2015-07-02,31216.7911
2015-07-06,31103.0058
2015-07-07,31351.2807
2015-07-08,30651.9853
2015-07-09,30718.1936
2015-07-10,30718.1936
2015-07-13,30718.1936
2015-07-14,30718.1936
2015-07-15,30718.1936
2015-07-16,30718.1936
2015-07-17,30718.1936
2015-07-20,30718.1936
2015-07-21,30718.1936
2015-07-22,30891.0207
2015-07-23,30274.8695
2015-07-24,29357.2753
2015-07-27,28831.6912
2015-07-28,29532.6031
2015-07-29,29943.3784
2015-07-30,29946.2391
2015-07-31,29890.7109
2015-08-03,29743.2441
2015-08-04,29670.4818
2015-08-05,29800.7028
2015-08-06,29800.7028
2015-08-07,29800.7028
2015-08-10,30325.7141
2015-08-11,30325.7141
2015-08-12,31103.8907
2015-08-13,31040.5769
2015-08-14,31366.55
2015-08-17,31366.55
2015-08-18,31366.55
2015-08-19,31366.55
2015-08-20,31366.55
2015-08-21,31366.55
2015-08-24,32995.6981
2015-08-25,32995.6981
2015-08-26,32995.6981
2015-08-27,32995.6981
2015-08-28,32995.6981
2015-08-31,32995.6981
2015-09-01,32995.6981
2015-09-02,33371.4962
2015-09-03,32976.61
2015-09-04,31510.9185
2015-09-08,33885.9375
2015-09-09,33885.9375
2015-09-10,34574.7323
2015-09-11,34574.7323
2015-09-14,34574.7323
2015-09-15,34574.7323
2015-09-16,34574.7323
2015-09-17,34574.7323
2015-09-18,34574.7323
2015-09-21,34574.7323
2015-09-22,34574.7323
2015-09-23,34251.3248
2015-09-24,33953.221
2015-09-25,33864.4448
2015-09-28,32155.7231
2015-09-29,32202.2609
2015-09-30,33390.7459
2015-10-01,33509.1849
2015-10-02,34129.6372
2015-10-05,34129.6372
2015-10-06,34129.6372
2015-10-07,34129.6372
2015-10-08,34129.6372
2015-10-09,34129.6372
2015-10-12,34129.6372
2015-10-13,34129.6372
2015-10-14,33686.466
2015-10-15,35222.5913
2015-10-16,35222.5913
2015-10-19,35222.5913
2015-10-20,35222.5913
2015-10-21,35222.5913
2015-10-22,36349.7416
2015-10-23,36349.7416
2015-10-26,36349.7416
2015-10-27,36349.7416
2015-10-28,37354.0291
2015-10-29,37354.0291
2015-10-30,37354.0291
2015-11-02,37354.0291
2015-11-03,37354.0291
2015-11-04,37354.0291
2015-11-05,37354.0291
2015-11-06,37354.0291
2015-11-09,37354.0291
2015-11-10,37354.0291
2015-11-11,37354.0291
2015-11-12,37354.0291
2015-11-13,37354.0291
2015-11-16,39172.9778
2015-11-17,39172.9778
2015-11-18,39172.9778
2015-11-19,39172.9778
2015-11-20,39172.9778
2015-11-23,39172.9778
2015-11-24,39172.9778
2015-11-25,39172.9778
2015-11-27,39172.9778
2015-11-30,39172.9778
2015-12-01,39172.9778
2015-12-02,39172.9778
2015-12-03,37322.9892
2015-12-04,39506.855
2015-12-07,39506.855
2015-12-08,39506.855
2015-12-09,39039.2614
2015-12-10,39266.967
2015-12-11,36965.2454
2015-12-14,37391.987
2015-12-15,38163.441
2015-12-16,39291.8918
2015-12-17,39291.8918
2015-12-18,39291.8918
2015-12-21,39291.8918
2015-12-22,39291.8918
2015-12-23,39291.8918
2015-12-24,39291.8918
2015-12-28,39291.8918
2015-12-29,39291.8918
2015-12-30,39291.8918
2015-12-31,39291.8918
2016-01-04,39662.3855
2016-01-05,39662.3855
2016-01-06,39662.3855
2016-01-07,39662.3855
2016-01-08,39662.3855
2016-01-11,39091.9288
2016-01-12,40097.5138
2016-01-13,40097.5138
2016-01-14,41540.7935
2016-01-15,41540.7935
2016-01-19,40315.5334
2016-01-20,38783.9707
2016-01-21,39346.9636
2016-01-22,41002.8464
2016-01-25,41002.8464
2016-01-26,41002.8464
2016-01-27,41002.8464
2016-01-28,41002.8464
2016-01-29,41002.8464
2016-02-01,41002.8464
2016-02-02,41002.8464
2016-02-03,40898.3912
2016-02-04,41075.3766
2016-02-05,41075.3766
2016-02-08,40827.5064
2016-02-09,40818.6635
2016-02-10,40774.4491
2016-02-11,39789.6707
2016-02-12,41322.8663
2016-02-16,41322.8663
2016-02-17,41322.8663
2016-02-18,41322.8663
2016-02-19,41322.8663
2016-02-22,41322.8663
2016-02-23,41322.8663
2016-02-24,43094.7671
2016-02-25,44277.6925
2016-02-26,44277.6925
2016-02-29,44277.6925
2016-03-01,44277.6925
2016-03-02,44277.6925
2016-03-03,44277.6925
2016-03-04,44277.6925
2016-03-07,44277.6925
2016-03-08,44277.6925
2016-03-09,44270.1165
2016-03-10,44347.7705
2016-03-11,44347.7705
2016-03-14,44347.7705
2016-03-15,44347.7705
2016-03-16,44347.7705
2016-03-17,44347.7705
2016-03-18,44347.7705
2016-03-21,44347.7705
2016-03-22,44347.7705
2016-03-23,44347.7705
2016-03-24,44347.7705
2016-03-28,44124.3934
2016-03-29,45377.958
2016-03-30,45377.958
2016-03-31,45377.958
2016-04-01,45377.958
2016-04-04,45377.958
2016-04-05,45377.958
2016-04-06,46729.6134
2016-04-07,46729.6134
2016-04-08,46729.6134
2016-04-11,45838.5345
2016-04-12,47159.9908
2016-04-13,47159.9908
2016-04-14,47159.9908
2016-04-15,47159.9908
2016-04-18,47159.9908
2016-04-19,47159.9908
2016-04-20,47159.9908
2016-04-21,47159.9908
2016-04-22,47159.9908
2016-04-25,47159.9908
2016-04-26,47159.9908
2016-04-27,47159.9908
2016-04-28,47159.9908
2016-04-29,47159.9908
2016-05-02,47819.7492
2016-05-03,47819.7492
2016-05-04,47804.5316
2016-05-05,47842.8092
2016-05-06,47842.8092
2016-05-09,48154.6056
2016-05-10,48154.6056
2016-05-11,48154.6056
2016-05-12,48154.6056
2016-05-13,48154.6056
2016-05-16,49413.7922
2016-05-17,49413.7922
2016-05-18,49805.6301
2016-05-19,49805.6301
2016-05-20,49805.6301
2016-05-23,49805.6301
2016-05-24,49805.6301
2016-05-25,49805.6301
2016-05-26,49805.6301
2016-05-27,49805.6301
2016-05-31,49805.6301
2016-06-01,49805.6301
2016-06-02,49805.6301
2016-06-03,49805.6301
2016-06-06,49805.6301
2016-06-07,49805.6301
2016-06-08,49805.6301
2016-06-09,49805.6301
2016-06-10,49805.6301
2016-06-13,49218.54
2016-06-14,48947.6777
2016-06-15,48684.338
2016-06-16,48980.2912
2016-06-17,48609.1112
2016-06-20,49231.1084
2016-06-21,49415.0466
2016-06-22,49415.0466
2016-06-23,49415.0466
2016-06-24,49415.0466
2016-06-27,47857.3019
2016-06-28,50450.7851
2016-06-29,50450.7851
2016-06-30,50450.7851
2016-07-01,50450.7851
2016-07-05,50450.7851
2016-07-06,50450.7851
2016-07-07,50450.7851
2016-07-08,50450.7851
2016-07-11,50450.7851
2016-07-12,50450.7851
2016-07-13,50450.7851
2016-07-14,50450.7851
2016-07-15,50450.7851
2016-07-18,50450.7851
2016-07-19,50450.7851
2016-07-20,50450.7851
2016-07-21,50450.7851
2016-07-22,50450.7851
2016-07-25,50450.7851
2016-07-26,50450.7851
2016-07-27,50450.7851
2016-07-28,50450.7851
2016-07-29,50450.7851
2016-08-01,50450.7851
2016-08-02,50450.7851
2016-08-03,50981.5224
2016-08-04,51072.1105
2016-08-05,51072.1105
2016-08-08,51072.1105
2016-08-09,51072.1105
2016-08-10,51072.1105
2016-08-11,51350.9963
2016-08-12,51350.9963
2016-08-15,51350.9963
2016-08-16,51350.9963
2016-08-17,51605.1821
2016-08-18,51969.0929
2016-08-19,51969.0929
2016-08-22,52149.0312
2016-08-23,52149.0312
2016-08-24,52149.0312
2016-08-25,52149.0312
2016-08-26,52149.0312
2016-08-29,52795.8047
2016-08-30,52795.8047
2016-08-31,52795.8047
2016-09-01,52795.6746
2016-09-02,53472.3334
2016-09-06,53472.3334
2016-09-07,53472.3334
2016-09-08,53472.3334
2016-09-09,53472.3334
2016-09-12,56460.3941
2016-09-13,56460.3941
2016-09-14,56460.3941
2016-09-15,56460.3941
2016-09-16,56460.3941
2016-09-19,56460.3941
2016-09-20,56460.3941
2016-09-21,56460.3941
2016-09-22,56460.3941
2016-09-23,56460.3941
2016-09-26,56460.3941
2016-09-27,56460.3941
2016-09-28,56460.3941
2016-09-29,56460.3941
2016-09-30,56460.3941
2016-10-03,56460.3941
2016-10-04,56460.3941
2016-10-05,56693.5929
2016-10-06,56693.5929
2016-10-07,56693.5929
2016-10-10,56678.248
2016-10-11,54613.8049
2016-10-12,54814.8409
2016-10-13,54443.6782
2016-10-14,54479.7652
2016-10-17,54129.2506
2016-10-18,54538.1948
2016-10-19,54740.9514
2016-10-20,54606.917
2016-10-21,54620.6614
2016-10-24,54620.6614
2016-10-25,54620.6614
2016-10-26,55048.3438
2016-10-27,53979.8474
2016-10-28,53457.2031
2016-10-31,53418.7417
2016-11-01,52701.2353
2016-11-02,52034.9593
2016-11-03,51578.8153
2016-11-04,51472.9017
2016-11-07,52948.9321
2016-11-08,53273.5369
2016-11-09,54096.9673
2016-11-10,54096.9673
2016-11-11,54096.9673
2016-11-14,54096.9673
2016-11-15,54096.9673
2016-11-16,54096.9673
2016-11-17,54096.9673
2016-11-18,54096.9673
2016-11-21,54096.9673
2016-11-22,54096.9673
2016-11-23,54096.9673
2016-11-25,54096.9673
2016-11-28,54096.9673
2016-11-29,54096.9673
2016-11-30,54096.9673
2016-12-01,53225.0582
2016-12-02,53322.7392
2016-12-05,54222.721
2016-12-06,54222.721
2016-12-07,54222.721
2016-12-08,54222.721
2016-12-09,54222.721
2016-12-12,54222.721
2016-12-13,54222.721
2016-12-14,54222.721
2016-12-15,54222.721
2016-12-16,54222.721
2016-12-19,54222.721
2016-12-20,54222.721
2016-12-21,54222.721
2016-12-22,54222.721
2016-12-23,54222.721
2016-12-27,54222.721
2016-12-28,54222.721
2016-12-29,54111.3522
2016-12-30,53554.787
2017-01-03,54713.7563
2017-01-04,54713.7563
2017-01-05,54713.7563
2017-01-06,54713.7563
2017-01-09,54713.7563
2017-01-10,54713.7563
2017-01-11,55223.8547
2017-01-12,55223.8547
2017-01-13,55223.8547
2017-01-17,55223.8547
2017-01-18,55223.8547
2017-01-19,55223.8547
2017-01-20,55223.8547
2017-01-23,55223.8547
2017-01-24,55223.8547
2017-01-25,55223.8547
2017-01-26,55223.8547
2017-01-27,55223.8547
2017-01-30,55223.8547
2017-01-31,55223.8547
2017-02-01,55223.8547
2017-02-02,55223.8547
2017-02-03,55223.8547
2017-02-06,55223.8547
2017-02-07,55223.8547
2017-02-08,55223.8547
2017-02-09,55223.8547
2017-02-10,55223.8547
2017-02-13,55223.8547
2017-02-14,55223.8547
2017-02-15,55223.8547
2017-02-16,55223.8547
2017-02-17,55223.8547
2017-02-21,55223.8547
2017-02-22,55223.8547
2017-02-23,55223.8547
2017-02-24,55223.8547
2017-02-27,55223.8547
2017-02-28,55223.8547
2017-03-01,55223.8547
2017-03-02,55223.8547
2017-03-03,55223.8547
2017-03-06,55223.8547
2017-03-07,55223.8547
2017-03-08,55223.8547
2017-03-09,55344.4335
2017-03-10,55344.4335
2017-03-13,55344.4335
2017-03-14,55344.4335
2017-03-15,56237.645
2017-03-16,56237.645
2017-03-17,56237.645
2017-03-20,56237.645
2017-03-21,56237.645
2017-03-22,56609.215
2017-03-23,56627.2786
2017-03-24,56627.2786
2017-03-27,57908.6623
2017-03-28,57908.6623
2017-03-29,57908.6623
2017-03-30,57908.6623
2017-03-31,57908.6623
2017-04-03,57908.6623
2017-04-04,57908.6623
2017-04-05,57908.6623
2017-04-06,57908.6623
2017-04-07,57908.6623
2017-04-10,57908.6623
2017-04-11,57908.6623
2017-04-12,57908.6623
2017-04-13,57908.6623
2017-04-17,58982.3143
2017-04-18,58982.3143
2017-04-19,58982.3143
2017-04-20,58982.3143
2017-04-21,58982.3143
2017-04-24,58982.3143
2017-04-25,58982.3143
2017-04-26,58982.3143
2017-04-27,58982.3143
2017-04-28,58982.3143
2017-05-01,58982.3143
2017-05-02,58982.3143
2017-05-03,58982.3143
2017-05-04,58982.3143
2017-05-05,58982.3143
2017-05-08,58982.3143
2017-05-09,58982.3143
2017-05-10,58982.3143
2017-05-11,58982.3143
2017-05-12,58982.3143
2017-05-15,59565.4504
2017-05-16,59565.4504
2017-05-17,59565.4504
2017-05-18,60339.8418
2017-05-19,60339.8418
2017-05-22,60862.7493
2017-05-23,60862.7493
2017-05-24,60862.7493
2017-05-25,60862.7493
2017-05-26,60862.7493
2017-05-30,60862.7493
2017-05-31,60862.7493
2017-06-01,60862.7493
2017-06-02,60862.7493
2017-06-05,60862.7493
2017-06-06,60862.7493
2017-06-07,60880.2382
2017-06-08,60897.5665
2017-06-09,60897.5665
2017-06-12,61072.467
2017-06-13,61072.467
2017-06-14,61072.467
2017-06-15,61072.467
2017-06-16,61072.467
2017-06-19,61072.467
2017-06-20,61072.467
2017-06-21,60727.2178
2017-06-22,60658.154
2017-06-23,60917.1697
2017-06-26,60951.6958
2017-06-27,60007.7182
2017-06-28,61005.4238
2017-06-29,60319.5454
2017-06-30,60444.9333
2017-07-03,60575.4625
2017-07-05,60749.4911
2017-07-06,60749.4911
2017-07-07,60749.4911
2017-07-10,61024.0915
2017-07-11,61024.0915
2017-07-12,61024.0915
2017-07-13,61024.0915
2017-07-14,61024.0915
2017-07-17,61024.0915
2017-07-18,61024.0915
2017-07-19,61024.0915
2017-07-20,61024.0915
2017-07-21,61024.0915
2017-07-24,61024.0915
2017-07-25,61024.0915
2017-07-26,61024.0915
2017-07-27,61024.0915
2017-07-28,61024.0915
2017-07-31,61024.0915
2017-08-01,61024.0915
2017-08-02,61024.0915
2017-08-03,61024.0915
2017-08-04,61024.0915
2017-08-07,61024.0915
2017-08-08,61024.0915
2017-08-09,61570.5594
2017-08-10,59698.2699
2017-08-11,59923.8523
2017-08-14,61683.2992
2017-08-15,61683.2992
2017-08-16,61683.2992
2017-08-17,61683.2992
2017-08-18,61683.2992
2017-08-21,61890.7163
2017-08-22,61890.7163
2017-08-23,61890.7163
2017-08-24,61890.7163
2017-08-25,61890.7163
2017-08-28,61890.7163
2017-08-29,61890.7163
2017-08-30,61890.7163
2017-08-31,61890.7163
2017-09-01,61890.7163
2017-09-05,61890.7163
2017-09-06,61890.7163
2017-09-07,61890.7163
2017-09-08,61890.7163
2017-09-11,61890.7163
2017-09-12,61890.7163
2017-09-13,61890.7163
2017-09-14,61890.7163
2017-09-15,61890.7163
2017-09-18,61890.7163
2017-09-19,61890.7163
2017-09-20,61890.7163
2017-09-21,61890.7163
2017-09-22,61890.7163
2017-09-25,61890.7163
2017-09-26,61890.7163
2017-09-27,61890.7163
2017-09-28,61890.7163
2017-09-29,61890.7163
2017-10-02,61890.7163
2017-10-03,61890.7163
2017-10-04,61890.7163
2017-10-05,61890.7163
2017-10-06,61890.7163
2017-10-09,61890.7163
2017-10-10,61890.7163
2017-10-11,61890.7163
2017-10-12,61890.7163
2017-10-13,61890.7163
2017-10-16,61890.7163
2017-10-17,61890.7163
2017-10-18,61890.7163
2017-10-19,61890.7163
2017-10-20,61890.7163
2017-10-23,61890.7163
2017-10-24,61890.7163
2017-10-25,61890.7163
2017-10-26,61568.5848
2017-10-27,63134.432
2017-10-30,63134.432
2017-10-31,63134.432
2017-11-01,63134.432
2017-11-02,63134.432
2017-11-03,63134.432
2017-11-06,63134.432
2017-11-07,63134.432
2017-11-08,63134.432
2017-11-09,63134.432
2017-11-10,63134.432
2017-11-13,63869.1864
2017-11-14,63869.1864
2017-11-15,63869.1864
2017-11-16,64663.0292
2017-11-17,64663.0292
2017-11-20,64663.0292
2017-11-21,64663.0292
2017-11-22,64663.0292
2017-11-24,64663.0292
2017-11-27,64663.0292
2017-11-28,64663.0292
2017-11-29,64663.0292
2017-11-30,64663.0292
2017-12-01,64663.0292
2017-12-04,64663.0292
2017-12-05,64663.0292
2017-12-06,64922.2091
2017-12-07,65622.3005
2017-12-08,65622.3005
2017-12-11,65622.3005
2017-12-12,65622.3005
2017-12-13,65622.3005
2017-12-14,65622.3005
2017-12-15,65622.3005
2017-12-18,65622.3005
2017-12-19,65622.3005
2017-12-20,64724.3314
2017-12-21,65060.4391
2017-12-22,65000.5951
2017-12-26,64831.7122
2017-12-27,64923.8352
2017-12-28,65123.3884
2017-12-29,64842.9885
2018-01-02,65430.4028
2018-01-03,65430.4028
2018-01-04,65430.4028
2018-01-05,65430.4028
2018-01-08,65430.4028
2018-01-09,65430.4028
2018-01-10,65430.4028
2018-01-11,65430.4028
2018-01-12,65430.4028
2018-01-16,65430.4028
2018-01-17,65430.4028
2018-01-18,65430.4028
2018-01-19,65430.4028
2018-01-22,65430.4028
2018-01-23,65430.4028
2018-01-24,65430.4028
2018-01-25,65430.4028
2018-01-26,65430.4028
2018-01-29,65430.4028
2018-01-30,65430.4028
2018-01-31,65525.2867
2018-02-01,65928.8566
2018-02-02,65928.8566
2018-02-05,59258.2713
2018-02-06,62679.6894
2018-02-07,61495.0036
2018-02-08,56930.1526
2018-02-09,58618.7731
2018-02-12,60112.888
2018-02-13,60344.7087
2018-02-14,61439.0248
2018-02-15,62452.7783
2018-02-16,62474.39
2018-02-20,62474.39
2018-02-21,62474.39
2018-02-22,61998.9129
2018-02-23,64952.624
2018-02-26,64952.624
2018-02-27,64952.624
2018-02-28,61960.6453
2018-03-01,59440.0052
2018-03-02,60356.6256
2018-03-05,61714.4691
2018-03-06,62043.1104
2018-03-07,61996.989
2018-03-08,62369.8446
2018-03-09,63842.0439
2018-03-12,63842.0439
2018-03-13,63842.0439
2018-03-14,62111.2076
2018-03-15,61890.1622
2018-03-16,62102.8542
2018-03-19,60414.7639
2018-03-20,60592.749
2018-03-21,60387.3712
2018-03-22,58629.9585
2018-03-23,56800.1543
2018-03-26,58694.8986
2018-03-27,57394.0083
2018-03-28,57394.0083
2018-03-29,57394.0083
2018-04-02,57394.0083
2018-04-03,57394.0083
2018-04-04,57394.0083
2018-04-05,57394.0083
2018-04-06,57394.0083
2018-04-09,57394.0083
2018-04-10,57394.0083
2018-04-11,57394.0083
2018-04-12,57394.0083
2018-04-13,57394.0083
2018-04-16,57394.0083
2018-04-17,57394.0083
2018-04-18,57394.0083
2018-04-19,57394.0083
2018-04-20,57394.0083
2018-04-23,57394.0083
2018-04-24,57394.0083
2018-04-25,57890.1987
2018-04-26,58923.0376
2018-04-27,58923.0376
2018-04-30,58923.0376
2018-05-01,58923.0376
2018-05-02,58923.0376
2018-05-03,59192.0764
2018-05-04,59192.0764
2018-05-07,59192.0764
2018-05-08,59192.0764
2018-05-09,59192.0764
2018-05-10,59192.0764
2018-05-11,59192.0764
2018-05-14,59192.0764
2018-05-15,59192.0764
2018-05-16,59927.2795
2018-05-17,60016.2466
2018-05-18,60016.2466
2018-05-21,60259.7126
2018-05-22,60259.7126
2018-05-23,61749.89
2018-05-24,61749.89
2018-05-25,61749.89
2018-05-29,60947.3549
2018-05-30,63274.3323
2018-05-31,63274.3323
2018-06-01,63274.3323
2018-06-04,63274.3323
2018-06-05,63274.3323
2018-06-06,63274.3323
2018-06-07,63274.3323
2018-06-08,63274.3323
2018-06-11,63274.3323
2018-06-12,63274.3323
2018-06-13,63274.3323
2018-06-14,63286.8537
2018-06-15,63286.8537
2018-06-18,63286.8537
2018-06-19,63286.8537
2018-06-20,63286.8537
2018-06-21,63286.8537
2018-06-22,63286.8537
2018-06-25,61655.155
2018-06-26,61984.1394
2018-06-27,60431.3277
2018-06-28,61150.9732
2018-06-29,61282.6164
2018-07-02,61510.8049
2018-07-03,61194.6766
2018-07-05,61879.6153
2018-07-06,62552.8363
2018-07-09,62552.8363
2018-07-10,62552.8363
2018-07-11,62552.8363
2018-07-12,62552.8363
2018-07-13,62552.8363
2018-07-16,62552.8363
2018-07-17,62552.8363
2018-07-18,62552.8363
2018-07-19,62552.8363
2018-07-20,62552.8363
2018-07-23,62552.8363
2018-07-24,62552.8363
2018-07-25,62552.8363
2018-07-26,62552.8363
2018-07-27,62552.8363
2018-07-30,62552.8363
2018-07-31,62552.8363
2018-08-01,62552.8363
2018-08-02,62552.8363
2018-08-03,62552.8363
2018-08-06,62552.8363
2018-08-07,62552.8363
2018-08-08,62552.8363
2018-08-09,62552.8363
2018-08-10,62552.8363
2018-08-13,61691.2156
2018-08-14,62847.814
2018-08-15,62847.814
2018-08-16,62847.814
2018-08-17,62847.814
2018-08-20,62847.814
2018-08-21,62847.814
2018-08-22,62847.814
2018-08-23,62847.814
2018-08-24,62847.814
2018-08-27,62847.814
2018-08-28,62847.814
2018-08-29,62847.814
2018-08-30,62847.814
2018-08-31,62847.814
2018-09-04,62847.814
2018-09-05,62847.814
2018-09-06,62847.814
2018-09-07,62847.814
2018-09-10,62430.4131
2018-09-11,63084.5857
2018-09-12,63084.5857
2018-09-13,63084.5857
2018-09-14,63084.5857
2018-09-17,63084.5857
2018-09-18,63084.5857
2018-09-19,63084.5857
2018-09-20,63084.5857
2018-09-21,63084.5857
2018-09-24,63084.5857
2018-09-25,63084.5857
2018-09-26,63084.5857
2018-09-27,63261.2057
2018-09-28,63261.2057
2018-10-01,63261.2057
2018-10-02,63261.2057
2018-10-03,63261.2057
2018-10-04,63261.2057
2018-10-05,63261.2057
2018-10-08,63766.0169
2018-10-09,63766.0169
2018-10-10,63766.0169
2018-10-11,60359.9428
2018-10-12,62798.297
2018-10-15,61740.3848
2018-10-16,64321.6455
2018-10-17,64321.6455
2018-10-18,64321.6455
2018-10-19,64321.6455
2018-10-22,64321.6455
2018-10-23,64321.6455
2018-10-24,58569.9421
2018-10-25,61821.5134
2018-10-26,58460.6575
2018-10-29,57786.657
2018-10-30,59562.7241
2018-10-31,60810.522
2018-11-01,61673.2194
2018-11-02,61114.2828
2018-11-05,61624.6098
2018-11-06,62134.9368
2018-11-07,62134.9368
2018-11-08,62134.9368
2018-11-09,62134.9368
2018-11-12,62134.9368
2018-11-13,62134.9368
2018-11-14,62134.9368
2018-11-15,65120.2189
2018-11-16,65120.2189
2018-11-19,65120.2189
2018-11-20,65120.2189
2018-11-21,64614.6549
2018-11-23,63312.3113
2018-11-26,66300.0336
2018-11-27,66300.0336
2018-11-28,66300.0336
2018-11-29,66300.0336
2018-11-30,66300.0336
2018-12-03,66300.0336
2018-12-04,66300.0336
2018-12-06,69447.2281
2018-12-07,69447.2281
2018-12-10,70041.5905
2018-12-11,70041.5905
2018-12-12,70041.5905
2018-12-13,70041.5905
2018-12-14,70041.5905
2018-12-17,70041.5905
2018-12-18,70041.5905
2018-12-19,70041.5905
2018-12-20,67840.693
2018-12-21,63580.2612
2018-12-24,58572.7065
2018-12-26,64321.1044
2018-12-27,65510.2402
2018-12-28,65294.0411
2018-12-31,66114.1227
2019-01-02,66114.1227
2019-01-03,66114.1227
2019-01-04,66114.1227
2019-01-07,66114.1227
2019-01-08,66114.1227
2019-01-09,66114.1227
2019-01-10,66114.1227
2019-01-11,66114.1227
2019-01-14,66114.1227
2019-01-15,66114.1227
2019-01-16,66114.1227
2019-01-17,66114.1227
2019-01-18,66114.1227
2019-01-22,66114.1227
2019-01-23,66114.1227
2019-01-24,66114.1227
2019-01-25,66114.1227
2019-01-28,66114.1227
2019-01-29,66114.1227
2019-01-30,66114.1227
2019-01-31,66114.1227
2019-02-01,66114.1227
2019-02-04,66114.1227
2019-02-05,66114.1227
2019-02-06,66114.1227
2019-02-07,66114.1227
2019-02-08,66114.1227
2019-02-11,66114.1227
2019-02-12,66114.1227
2019-02-13,66114.1227
2019-02-14,66114.1227
2019-02-15,66114.1227
2019-02-19,66114.1227
2019-02-20,66114.1227
2019-02-21,66114.1227
2019-02-22,66114.1227
2019-02-25,66114.1227
2019-02-26,66114.1227
2019-02-27,66591.4549
2019-02-28,66380.1063
2019-03-01,67704.8306
2019-03-04,67704.8306
2019-03-05,67704.8306
2019-03-06,67704.8306
2019-03-07,67704.8306
2019-03-08,67704.8306
2019-03-11,70125.966
2019-03-12,70125.966
2019-03-13,70125.966
2019-03-14,70125.966
2019-03-15,70125.966
2019-03-18,70125.966
2019-03-19,70125.966
2019-03-20,70125.966
2019-03-21,70125.966
2019-03-22,70125.966
2019-03-25,70258.8891
2019-03-26,70258.8891
2019-03-27,70258.8891
2019-03-28,70258.8891
2019-03-29,70258.8891
2019-04-01,70258.8891
2019-04-02,70258.8891
2019-04-03,70258.8891
2019-04-04,70258.8891
2019-04-05,70258.8891
2019-04-08,70258.8891
2019-04-09,70258.8891
2019-04-10,70651.4331
2019-04-11,70651.4331
2019-04-12,70651.4331
2019-04-15,70651.4331
2019-04-16,70651.4331
2019-04-17,70651.4331
2019-04-18,70651.4331
2019-04-22,70651.4331
2019-04-23,70651.4331
2019-04-24,70651.4331
2019-04-25,70651.4331
2019-04-26,70651.4331
2019-04-29,70651.4331
2019-04-30,70651.4331
2019-05-01,70651.4331
2019-05-02,70401.6737
2019-05-03,72387.4883
2019-05-06,72387.4883
2019-05-07,72387.4883
2019-05-08,72429.7582
2019-05-09,73600.3348
2019-05-10,73600.3348
2019-05-13,72463.9898
2019-05-14,74282.2943
2019-05-15,74282.2943
2019-05-16,74282.2943
2019-05-17,74282.2943
2019-05-20,74282.2943
2019-05-21,74282.2943
2019-05-22,74282.2943
2019-05-23,74282.2943
2019-05-24,74282.2943
2019-05-28,72053.9391
2019-05-29,70619.309
2019-05-30,71122.943
2019-05-31,69179.2616
2019-06-03,68812.9209
2019-06-04,71743.708
2019-06-05,72551.0277
2019-06-06,73175.1804
2019-06-07,73175.1804
2019-06-10,73175.1804
2019-06-11,73175.1804
2019-06-12,72989.8358
2019-06-13,73944.8283
2019-06-14,73944.8283
2019-06-17,73944.8283
2019-06-18,73944.8283
2019-06-19,73944.8283
2019-06-20,73944.8283
2019-06-21,73944.8283
2019-06-24,73944.8283
2019-06-25,73944.8283
2019-06-26,72950.5206
2019-06-27,73765.2766
2019-06-28,74800.9745
2019-07-01,74001.9703
2019-07-02,74707.7613
2019-07-03,76359.042
2019-07-05,76359.042
2019-07-08,76359.042
2019-07-09,76359.042
2019-07-10,76359.042
2019-07-11,76359.042
2019-07-12,76359.042
2019-07-15,76359.042
2019-07-16,76359.042
2019-07-17,74879.1985
2019-07-18,75645.5076
2019-07-19,74350.6811
2019-07-22,74711.8942
2019-07-23,75733.8498
2019-07-24,75733.8498
2019-07-25,75733.8498
2019-07-26,75733.8498
2019-07-29,75733.8498
2019-07-30,75733.8498
2019-07-31,72994.3155
2019-08-01,71150.6376
2019-08-02,69605.5959
2019-08-05,65476.8021
2019-08-06,67095.4197
2019-08-07,67190.6325
2019-08-08,68875.6253
2019-08-09,68240.8733
2019-08-12,67121.3921
2019-08-13,68471.6901
2019-08-14,68471.6901
2019-08-15,68317.5157
2019-08-16,71302.3525
2019-08-19,71302.3525
2019-08-20,71302.3525
2019-08-21,71288.8984
2019-08-22,71194.2305
2019-08-23,65664.1877
2019-08-26,67097.4072
2019-08-27,66601.644
2019-08-28,67530.0766
2019-08-29,68677.8578
2019-08-30,68647.8027
2019-09-03,68088.9457
2019-09-04,69104.5113
2019-09-05,69104.5113
2019-09-06,69104.5113
2019-09-09,69104.5113
2019-09-10,69104.5113
2019-09-11,69104.5113
2019-09-12,69104.5113
2019-09-13,69104.5113
2019-09-16,69104.5113
2019-09-17,69104.5113
2019-09-18,69104.5113
2019-09-19,69104.5113
2019-09-20,69104.5113
2019-09-23,69104.5113
2019-09-24,69104.5113
2019-09-25,70276.3277
2019-09-26,70276.3277
2019-09-27,70276.3277
2019-09-30,70904.741
2019-10-01,70904.741
2019-10-02,68410.603
2019-10-03,70037.2918
2019-10-04,72843.306
2019-10-07,72542.373
2019-10-08,69164.6217
2019-10-09,71038.1202
2019-10-10,71995.5511
2019-10-11,73454.4908
2019-10-14,73454.4908
2019-10-15,73454.4908
2019-10-16,73454.4908
2019-10-17,73454.4908
2019-10-18,73454.4908
2019-10-21,73454.4908
2019-10-22,73454.4908
2019-10-23,73454.4908
2019-10-24,73454.4908
2019-10-25,73454.4908
2019-10-28,73454.4908
2019-10-29,73454.4908
2019-10-30,73454.4908
2019-10-31,73454.4908
2019-11-01,73454.4908
2019-11-04,73454.4908
2019-11-05,73454.4908
2019-11-06,73454.4908
2019-11-07,73454.4908
2019-11-08,73454.4908
2019-11-11,73454.4908
2019-11-12,73454.4908
2019-11-13,73454.4908
2019-11-14,73454.4908
2019-11-15,73454.4908
2019-11-18,73454.4908
2019-11-19,73454.4908
2019-11-20,73454.4908
2019-11-21,73091.0649
2019-11-22,73513.1565
2019-11-25,74453.1922
2019-11-26,74453.1922
2019-11-27,74453.1922
2019-11-29,74453.1922
2019-12-02,74453.1922
2019-12-03,74453.1922
2019-12-04,74953.9495
2019-12-05,74953.9495
2019-12-06,74953.9495
2019-12-09,74953.9495
2019-12-10,74953.9495
2019-12-11,75210.0859
2019-12-12,75210.0859
2019-12-13,75210.0859
2019-12-16,75210.0859
2019-12-17,75210.0859
2019-12-18,75210.0859
2019-12-19,75210.0859
2019-12-20,75210.0859
2019-12-23,75210.0859
2019-12-24,75210.0859
2019-12-26,75210.0859
2019-12-27,75210.0859
2019-12-30,75210.0859
2019-12-31,75210.0859
2020-01-02,75210.0859
2020-01-03,75210.0859
2020-01-06,75210.0859
2020-01-07,75210.0859
2020-01-08,75210.0859
2020-01-09,75210.0859
2020-01-10,75210.0859
2020-01-13,75210.0859
2020-01-14,75210.0859
2020-01-15,75210.0859
2020-01-16,75210.0859
2020-01-17,75210.0859
2020-01-21,75210.0859
2020-01-22,75210.0859
2020-01-23,75210.0859
2020-01-24,75210.0859
2020-01-27,75552.0632
2020-01-28,75552.0632
2020-01-29,75552.0632
2020-01-30,75552.0632
2020-01-31,75552.0632
2020-02-03,76066.9532
2020-02-04,76066.9532
2020-02-05,76066.9532
2020-02-06,76066.9532
2020-02-07,76066.9532
2020-02-10,76066.9532
2020-02-11,76066.9532
2020-02-12,76066.9532
2020-02-13,76066.9532
2020-02-14,76066.9532
2020-02-18,76066.9532
2020-02-19,76066.9532
2020-02-20,76066.9532
2020-02-21,76066.9532
2020-02-24,75510.6056
2020-02-25,68669.9654
2020-02-26,67917.1748
2020-02-27,61756.6026
2020-02-28,61494.7662
2020-03-02,66200.6528
2020-03-03,63730.8615
2020-03-04,67074.058
2020-03-05,64070.5148
2020-03-06,62726.4435
2020-03-09,62726.4435
2020-03-10,62726.4435
2020-03-11,62726.4435
2020-03-12,56196.7471
2020-03-13,71796.8163
2020-03-16,67575.4356
2020-03-17,80181.3036
2020-03-18,80181.3036
2020-03-19,80181.3036
2020-03-20,80181.3036
2020-03-23,74170.1537
2020-03-24,94910.7942
2020-03-25,94910.7942
2020-03-26,94910.7942
2020-03-27,94910.7942
2020-03-30,94910.7942
2020-03-31,94910.7942
2020-04-01,94910.7942
2020-04-02,102569.1756
2020-04-03,102569.1756
2020-04-06,110368.9241
2020-04-07,110368.9241
2020-04-08,110368.9241
2020-04-09,110368.9241
2020-04-13,110368.9241
2020-04-14,110368.9241
2020-04-15,110368.9241
2020-04-16,110368.9241
2020-04-17,110368.9241
2020-04-20,110368.9241
2020-04-21,110368.9241
2020-04-22,111290.7732
2020-04-23,109506.1123
2020-04-24,114145.62
2020-04-27,114145.62
2020-04-28,114145.62
2020-04-29,114145.62
2020-04-30,114145.62
2020-05-01,114145.62
2020-05-04,117789.5746
2020-05-05,117789.5746
2020-05-06,117789.5746
2020-05-07,117789.5746
2020-05-08,117789.5746
2020-05-11,117789.5746
2020-05-12,117789.5746
2020-05-13,112357.3997
2020-05-14,116447.9133
2020-05-15,117822.274
2020-05-18,120050.098
2020-05-19,120050.098
2020-05-20,121353.4765
2020-05-21,121353.4765
2020-05-22,121353.4765
2020-05-26,121353.4765
2020-05-27,121353.4765
2020-05-28,121353.4765
2020-05-29,121353.4765
2020-06-01,121353.4765
2020-06-02,121353.4765
2020-06-03,121353.4765
2020-06-04,121353.4765
2020-06-05,121353.4765
2020-06-08,121353.4765
2020-06-09,121353.4765
2020-06-10,121353.4765
2020-06-11,108121.4875
2020-06-12,112072.4461
2020-06-15,115227.9667
2020-06-16,119629.7089
2020-06-17,119629.7089
2020-06-18,119629.7089
2020-06-19,119629.7089
2020-06-22,119629.7089
2020-06-23,119629.7089
2020-06-24,119629.7089
2020-06-25,124179.6014
2020-06-26,124179.6014
2020-06-29,127962.5923
2020-06-30,127962.5923
2020-07-01,127962.5923
2020-07-02,127962.5923
2020-07-06,127962.5923
2020-07-07,127962.5923
2020-07-08,129817.2025
2020-07-09,129817.2025
2020-07-10,129817.2025
2020-07-13,129817.2025
2020-07-14,129817.2025
2020-07-15,129817.2025
2020-07-16,129817.2025
2020-07-17,129817.2025
2020-07-20,129817.2025
2020-07-21,129817.2025
2020-07-22,129817.2025
2020-07-23,129817.2025
2020-07-24,129817.2025
2020-07-27,129817.2025
2020-07-28,129817.2025
2020-07-29,129817.2025
2020-07-30,129817.2025
2020-07-31,129817.2025
2020-08-03,129817.2025
2020-08-04,129817.2025
2020-08-05,129817.2025
2020-08-06,129817.2025
2020-08-07,129817.2025
2020-08-10,129817.2025
2020-08-11,129817.2025
2020-08-12,132043.9434
2020-08-13,132043.9434
2020-08-14,132043.9434
2020-08-17,132043.9434
2020-08-18,132043.9434
2020-08-19,132043.9434
2020-08-20,135576.1478
2020-08-21,135576.1478
2020-08-24,135576.1478
2020-08-25,135576.1478
2020-08-26,135576.1478
2020-08-27,135576.1478
2020-08-28,135576.1478
2020-08-31,135576.1478
2020-09-01,135576.1478
2020-09-02,135576.1478
2020-09-03,135576.1478
2020-09-04,135576.1478
2020-09-08,131320.1424
2020-09-09,138899.5943
2020-09-10,138899.5943
2020-09-11,138899.5943
2020-09-14,138899.5943
2020-09-15,138899.5943
2020-09-16,138899.5943
2020-09-17,138899.5943
2020-09-18,138899.5943
2020-09-21,140593.2392
2020-09-22,140593.2392
2020-09-23,140593.2392
2020-09-24,140593.2392
2020-09-25,140593.2392
2020-09-28,140593.2392
2020-09-29,140593.2392
2020-09-30,140593.2392
2020-10-01,140593.2392
2020-10-02,140593.2392
2020-10-05,140593.2392
2020-10-06,140593.2392
2020-10-07,143825.6127
2020-10-08,143825.6127
2020-10-09,143825.6127
2020-10-12,143825.6127
2020-10-13,143825.6127
2020-10-14,143825.6127
2020-10-15,148754.9994
2020-10-16,148754.9994
2020-10-19,140321.1636
2020-10-20,141884.7386
2020-10-21,141126.6474
2020-10-22,142769.3514
2020-10-23,143622.286
2020-10-26,138330.9033
2020-10-27,137699.0047
2020-10-28,131516.8719
2020-10-29,133128.2112
2020-10-30,131358.8867
2020-11-02,131383.5379
2020-11-03,131383.5379
2020-11-04,131383.5379
2020-11-05,131383.5379
2020-11-06,131383.5379
2020-11-09,131383.5379
2020-11-10,131383.5379
2020-11-11,131383.5379
2020-11-12,131383.5379
2020-11-13,131383.5379
2020-11-16,131383.5379
2020-11-17,131383.5379
2020-11-18,131383.5379
2020-11-19,133865.3316
2020-11-20,133865.3316
2020-11-23,134187.3293
2020-11-24,134187.3293
2020-11-25,134187.3293
2020-11-27,134187.3293
2020-11-30,134187.3293
2020-12-01,134187.3293
2020-12-02,134187.3293
2020-12-03,134187.3293
2020-12-04,134187.3293
2020-12-07,134187.3293
2020-12-08,134187.3293
2020-12-09,134187.3293
2020-12-10,135642.3908
2020-12-11,135642.3908
2020-12-14,131272.2396
2020-12-15,136553.6909
2020-12-16,136553.6909
2020-12-17,136553.6909
2020-12-18,136553.6909
2020-12-21,136553.6909
2020-12-22,136553.6909
2020-12-23,136553.6909
2020-12-24,136553.6909
2020-12-28,136553.6909
2020-12-29,136553.6909
2020-12-30,136553.6909
2020-12-31,136553.6909
2021-01-04,136553.6909
2021-01-05,136553.6909
2021-01-06,136553.6909
2021-01-07,136553.6909
2021-01-08,136553.6909
2021-01-11,136553.6909
2021-01-12,136553.6909
2021-01-13,136553.6909
2021-01-14,136553.6909
2021-01-15,136553.6909
2021-01-19,136914.9993
2021-01-20,136914.9993
2021-01-21,136914.9993
2021-01-22,136914.9993
2021-01-25,136914.9993
2021-01-26,136914.9993
2021-01-27,136914.9993
2021-01-28,138251.0228
2021-01-29,138251.0228
2021-02-01,140829.5101
2021-02-02,140829.5101
2021-02-03,140829.5101
2021-02-04,140829.5101
2021-02-05,140829.5101
2021-02-08,140829.5101
2021-02-09,140829.5101
2021-02-10,140829.5101
2021-02-11,140829.5101
2021-02-12,140829.5101
2021-02-16,140829.5101
2021-02-17,140829.5101
2021-02-18,140829.5101
2021-02-19,140829.5101
2021-02-22,140946.316
2021-02-23,140946.316
2021-02-24,140946.316
2021-02-25,140946.316
2021-02-26,140946.316
2021-03-01,145119.7283
2021-03-02,145119.7283
2021-03-03,145119.7283
2021-03-04,139886.2433
2021-03-05,147636.8921
2021-03-08,144313.5408
2021-03-09,150421.3468
2021-03-10,150421.3468
2021-03-11,150421.3468
2021-03-12,150421.3468
2021-03-15,150421.3468
2021-03-16,150421.3468
2021-03-17,150421.3468
2021-03-18,150421.3468
2021-03-19,150421.3468
2021-03-22,153316.2934
2021-03-23,153316.2934
2021-03-24,149222.7698
2021-03-25,151675.4377
2021-03-26,159104.0615
2021-03-29,159104.0615
2021-03-30,159104.0615
2021-03-31,159104.0615
2021-04-01,159104.0615
2021-04-05,159104.0615
2021-04-06,159104.0615
2021-04-07,159104.0615
2021-04-08,159104.0615
2021-04-09,159104.0615
2021-04-12,159104.0615
2021-04-13,159104.0615
2021-04-14,159104.0615
2021-04-15,159104.0615
2021-04-16,159104.0615
2021-04-19,159104.0615
2021-04-20,159104.0615
2021-04-21,164373.1892
2021-04-22,164373.1892
2021-04-23,164373.1892
2021-04-26,164373.1892
2021-04-27,164373.1892
2021-04-28,164373.1892
2021-04-29,164373.1892
2021-04-30,164373.1892
2021-05-03,164373.1892
2021-05-04,164373.1892
2021-05-05,162291.568
2021-05-06,166204.3756
2021-05-07,166204.3756
2021-05-10,166204.3756
2021-05-11,166204.3756
2021-05-12,159207.3772
2021-05-13,164728.7615
2021-05-14,172339.3576
2021-05-17,172473.2245
2021-05-18,172473.2245
2021-05-19,177676.6604
2021-05-20,182119.3556
2021-05-21,182119.3556
2021-05-24,182119.3556
2021-05-25,182119.3556
2021-05-26,182119.3556
2021-05-27,182119.3556
2021-05-28,182119.3556
2021-06-01,182119.3556
2021-06-02,182119.3556
2021-06-03,182119.3556
2021-06-04,182119.3556
2021-06-07,182119.3556
2021-06-08,182119.3556
2021-06-09,182119.3556
2021-06-10,182119.3556
2021-06-11,182119.3556
2021-06-14,182119.3556
2021-06-15,182119.3556
2021-06-16,182119.3556
2021-06-17,182593.5445
2021-06-18,182593.5445
2021-06-21,187924.0219
2021-06-22,187924.0219
2021-06-23,187924.0219
2021-06-24,187924.0219
2021-06-25,187924.0219
2021-06-28,187924.0219
2021-06-29,187924.0219
2021-06-30,187924.0219
2021-07-01,187924.0219
2021-07-02,187924.0219
2021-07-06,187924.0219
2021-07-07,187924.0219
2021-07-08,187924.0219
2021-07-09,187924.0219
2021-07-12,187924.0219
2021-07-13,187924.0219
2021-07-14,187924.0219
2021-07-15,187924.0219
2021-07-16,187924.0219
2021-07-19,186392.2892
2021-07-20,194353.1634
2021-07-21,194353.1634
2021-07-22,194353.1634
2021-07-23,194353.1634
2021-07-26,194353.1634
2021-07-27,194353.1634
2021-07-28,193161.9855
2021-07-29,195560.0407
2021-07-30,195560.0407
2021-08-02,191912.806
2021-08-03,196611.0177
2021-08-04,196611.0177
2021-08-05,196611.0177
2021-08-06,196611.0177
2021-08-09,196611.0177
2021-08-10,196611.0177
2021-08-11,196611.0177
2021-08-12,196611.0177
2021-08-13,196611.0177
2021-08-16,196611.0177
2021-08-17,196611.0177
2021-08-18,196611.0177
2021-08-19,201546.1621
2021-08-20,201546.1621
2021-08-23,201546.1621
2021-08-24,201546.1621
2021-08-25,201546.1621
2021-08-26,201546.1621
2021-08-27,201546.1621
2021-08-30,201546.1621
2021-08-31,201546.1621
2021-09-01,201546.1621
2021-09-02,201546.1621
2021-09-03,201546.1621
2021-09-07,201546.1621
2021-09-08,201546.1621
2021-09-09,201546.1621
2021-09-10,201546.1621
2021-09-13,198726.0558
2021-09-14,195640.9507
2021-09-15,200549.0569
2021-09-16,199801.0535
2021-09-17,196019.3733
2021-09-20,189578.0492
2021-09-21,189342.5678
2021-09-22,191648.9688
2021-09-23,194703.394
2021-09-24,195139.7484
2021-09-27,195139.7484
2021-09-28,195139.7484
2021-09-29,194136.3139
2021-09-30,187095.3513
2021-10-01,193757.9314
2021-10-04,188712.241
2021-10-05,192485.5338
2021-10-06,194152.8119
2021-10-07,196347.5968
2021-10-08,196347.5968
2021-10-11,196347.5968
2021-10-12,196347.5968
2021-10-13,196947.4834
2021-10-14,196947.4834
2021-10-15,196947.4834
2021-10-18,196947.4834
2021-10-19,196947.4834
2021-10-20,196947.4834
2021-10-21,196947.4834
2021-10-22,196947.4834
2021-10-25,196947.4834
2021-10-26,196947.4834
2021-10-27,196947.4834
2021-10-28,196947.4834
2021-10-29,196947.4834
2021-11-01,196947.4834
2021-11-02,196947.4834
2021-11-03,196947.4834
2021-11-04,196947.4834
2021-11-05,196947.4834
2021-11-08,196947.4834
2021-11-09,196947.4834
2021-11-10,194491.7392
2021-11-11,194710.03
2021-11-12,199034.6503
2021-11-15,197384.8562
2021-11-16,199751.2803
2021-11-17,199751.2803
2021-11-18,199751.2803
2021-11-19,199751.2803
2021-11-22,199751.2803
2021-11-23,199751.2803
2021-11-24,199751.2803
2021-11-26,199751.2803
2021-11-29,200494.4494
2021-11-30,200494.4494
2021-12-01,186425.3063
2021-12-02,194835.2494
2021-12-03,189706.1864
2021-12-06,194225.5617
2021-12-07,202337.4702
2021-12-08,202337.4702
2021-12-09,202337.4702
2021-12-10,202337.4702
2021-12-13,202337.4702
2021-12-14,202337.4702
2021-12-15,211734.7413
2021-12-16,211734.7413
2021-12-17,211734.7413
2021-12-20,212555.639
2021-12-21,212555.639
2021-12-22,212555.639
2021-12-23,212555.639
2021-12-27,212555.639
2021-12-28,212555.639
2021-12-29,212555.639
2021-12-30,212555.639
2021-12-31,212555.639
2022-01-03,212555.639
2022-01-04,212555.639
2022-01-05,212555.639
2022-01-06,212526.4199
2022-01-07,210119.5584
2022-01-10,209171.438
2022-01-11,213002.9174
2022-01-12,213002.9174
2022-01-13,213002.9174
2022-01-14,213002.9174
2022-01-18,213002.9174
2022-01-19,213002.9174
2022-01-20,203351.2288
2022-01-21,191383.2121
2022-01-24,193763.9523
2022-01-25,188959.5948
2022-01-26,188166.004
2022-01-27,186257.137
2022-01-28,192235.3828
2022-01-31,196912.1627
2022-02-01,198928.7422
2022-02-02,201517.4069
2022-02-03,201517.4069
2022-02-04,201517.4069
2022-02-07,201517.4069
2022-02-08,201517.4069
2022-02-09,201517.4069
2022-02-10,201517.4069
2022-02-11,201517.4069
2022-02-14,200401.4905
2022-02-15,209902.443
2022-02-16,209902.443
2022-02-17,209902.443
2022-02-18,209902.443
2022-02-22,206619.2695
2022-02-23,195128.0503
2022-02-24,204194.2007
2022-02-25,213074.9776
2022-02-28,213074.9776
2022-03-01,213074.9776
2022-03-02,221037.7869
2022-03-03,221037.7869
2022-03-04,221037.7869
2022-03-07,221037.7869
2022-03-08,221037.7869
2022-03-09,224325.3898
2022-03-10,224325.3898
2022-03-11,224325.3898
2022-03-14,224325.3898
2022-03-15,224325.3898
2022-03-16,224325.3898
2022-03-17,224325.3898
2022-03-18,224325.3898
2022-03-21,224325.3898
2022-03-22,224325.3898
2022-03-23,224325.3898
2022-03-24,224325.3898
2022-03-25,224325.3898
2022-03-28,224325.3898
2022-03-29,224325.3898
2022-03-30,224325.3898
2022-03-31,224325.3898
2022-04-01,224325.3898
2022-04-04,224325.3898
2022-04-05,224325.3898
2022-04-06,223778.7898
2022-04-07,227058.3898
2022-04-08,227058.3898
2022-04-11,220587.7498
2022-04-12,218029.5898
2022-04-13,225478.3498
2022-04-14,219960.7498
2022-04-18,220010.9098
2022-04-19,226958.0698
2022-04-20,226958.0698
2022-04-21,226958.0698
2022-04-22,226958.0698
2022-04-25,234807.8698
2022-04-26,234807.8698
2022-04-27,234618.5098
2022-04-28,252371.0098
2022-04-29,252371.0098
2022-05-02,257001.1498
2022-05-03,257001.1498
2022-05-04,257001.1498
2022-05-05,257001.1498
2022-05-06,257001.1498
2022-05-09,257001.1498
2022-05-10,257001.1498
2022-05-11,257001.1498
2022-05-12,262983.9098
2022-05-13,262983.9098
2022-05-16,262983.9098
2022-05-17,262983.9098
2022-05-18,262983.9098
2022-05-19,264673.4098
2022-05-20,264673.4098
2022-05-23,272902.1598
2022-05-24,272902.1598
2022-05-25,272902.1598
2022-05-26,272902.1598
2022-05-27,272902.1598
2022-05-31,272902.1598
2022-06-01,272902.1598
2022-06-02,288569.7598
2022-06-03,288569.7598
2022-06-06,288569.7598
2022-06-07,288569.7598
2022-06-08,288569.7598
2022-06-09,288569.7598
2022-06-10,288569.7598
2022-06-13,276789.0198
2022-06-14,274045.5598
2022-06-15,285584.2298
2022-06-16,267346.0298
2022-06-17,267722.6298
2022-06-21,280796.0298
2022-06-22,280042.7598
2022-06-23,283629.7598
2022-06-24,295646.2098
2022-06-27,295646.2098
2022-06-28,295646.2098
2022-06-29,293757.9098
2022-06-30,286286.8098
2022-07-01,295153.6098
2022-07-05,296303.1498
2022-07-06,296303.1498
2022-07-07,296303.1498
2022-07-08,296303.1498
2022-07-11,296303.1498
2022-07-12,296303.1498
2022-07-13,305409.7998
2022-07-14,316368.7698
2022-07-15,316368.7698
2022-07-18,316368.7698
2022-07-19,316368.7698
2022-07-20,316368.7698
2022-07-21,316368.7698
2022-07-22,316368.7698
2022-07-25,316368.7698
2022-07-26,316368.7698
2022-07-27,332178.0198
2022-07-28,332178.0198
2022-07-29,332178.0198
2022-08-01,332178.0198
2022-08-02,332178.0198
2022-08-03,341788.2598
2022-08-04,341788.2598
2022-08-05,341788.2598
2022-08-08,341788.2598
2022-08-09,341788.2598
2022-08-10,344412.2998
2022-08-11,344412.2998
2022-08-12,344412.2998
2022-08-15,344412.2998
2022-08-16,344412.2998
2022-08-17,344412.2998
2022-08-18,344412.2998
2022-08-19,344412.2998
2022-08-22,335143.2998
2022-08-23,332601.7998
2022-08-24,335442.2998
2022-08-25,344961.7398
2022-08-26,344961.7398
2022-08-29,346307.1798
2022-08-30,346307.1798
2022-08-31,333936.1398
2022-09-01,336857.0798
2022-09-02,326290.1498
2022-09-06,323712.5498
2022-09-07,335225.8298
2022-09-08,339521.8298
2022-09-09,346663.3598
2022-09-12,346663.3598
2022-09-13,346663.3598
2022-09-14,346754.0298
2022-09-15,339676.1898
2022-09-16,331862.9898
2022-09-19,339124.6698
2022-09-20,331587.2298
2022-09-21,319944.0298
2022-09-22,314612.6698
2022-09-23,307707.3298
2022-09-26,303948.2098
2022-09-27,303049.2898
2022-09-28,310077.2098
2022-09-29,310077.2098
2022-09-30,310077.2098
2022-10-03,324032.2498
2022-10-04,324032.2498
2022-10-05,324032.2498
2022-10-06,324032.2498
2022-10-07,324032.2498
2022-10-10,324032.2498
2022-10-11,324032.2498
2022-10-12,324032.2498
2022-10-13,372758.2298
2022-10-14,372758.2298
2022-10-17,380568.3698
2022-10-18,380568.3698
2022-10-19,380568.3698
2022-10-20,380568.3698
2022-10-21,380568.3698
2022-10-24,380568.3698
2022-10-25,380568.3698
2022-10-26,380568.3698
2022-10-27,380568.3698
2022-10-28,380568.3698
2022-10-31,380568.3698
2022-11-01,380568.3698
2022-11-02,353513.6498
2022-11-03,341982.1298
2022-11-04,356840.0498
2022-11-07,363714.6098
2022-11-08,367410.6098
2022-11-09,351887.4098
2022-11-10,377414.4498
2022-11-11,377414.4498
2022-11-14,377414.4498
2022-11-15,377414.4498
2022-11-16,377414.4498
2022-11-17,377414.4498
2022-11-18,377414.4498
2022-11-21,377414.4498
2022-11-22,377414.4498
2022-11-23,377414.4498
2022-11-25,377414.4498
2022-11-28,377414.4498
2022-11-29,377414.4498
2022-11-30,377414.4498
2022-12-01,377414.4498
2022-12-02,377414.4498
2022-12-05,377414.4498
2022-12-06,377414.4498
2022-12-07,378366.1098
2022-12-08,381808.3398
2022-12-09,381808.3398
2022-12-12,395704.8198
2022-12-13,395704.8198
2022-12-14,395704.8198
2022-12-15,395704.8198
2022-12-16,395704.8198
2022-12-19,385279.4598
2022-12-20,384922.3912
2022-12-21,402268.0578
2022-12-22,402268.0578
2022-12-23,402268.0578
2022-12-27,402268.0578
2022-12-28,402268.0578
2022-12-29,413678.5478
2022-12-30,413678.5478
2023-01-03,413678.5478
2023-01-04,413678.5478
2023-01-05,413678.5478
2023-01-06,413678.5478
2023-01-09,413678.5478
2023-01-10,413678.5478
2023-01-11,413678.5478
2023-01-12,413678.5478
2023-01-13,413678.5478
2023-01-17,413678.5478
2023-01-18,413678.5478
2023-01-19,411383.1578
2023-01-20,433733.0078
2023-01-23,446450.8878
2023-01-24,446450.8878
2023-01-25,446450.8878
2023-01-26,446450.8878
2023-01-27,446450.8878
2023-01-30,446450.8878
2023-01-31,446450.8878
2023-02-01,446450.8878
2023-02-02,446450.8878
2023-02-03,446450.8878
2023-02-06,446450.8878
2023-02-07,446450.8878
2023-02-08,446450.8878
2023-02-09,446450.8878
2023-02-10,446450.8878
2023-02-13,459346.4478
2023-02-14,459346.4478
2023-02-15,459346.4478
2023-02-16,459346.4478
2023-02-17,459346.4478
2023-02-21,445572.6878
2023-02-22,443605.0078
2023-02-23,449754.0078
2023-02-24,440079.1878
2023-02-27,442866.8478
2023-02-28,439587.2478
2023-03-01,437346.1878
2023-03-02,441500.3478
2023-03-03,450737.8878
2023-03-06,450737.8878
2023-03-07,450737.8878
2023-03-08,452502.0278
2023-03-09,425037.2378
2023-03-10,406601.9678
2023-03-13,403842.9478
2023-03-14,417554.9878
2023-03-15,412203.9478
2023-03-16,426334.0378
2023-03-17,419756.7178
2023-03-20,424884.7978
2023-03-21,432298.2178
2023-03-22,421819.0978
2023-03-23,421819.0978
2023-03-24,421819.0978
2023-03-27,421819.0978
2023-03-28,421819.0978
2023-03-29,421819.0978
2023-03-30,421819.0978
2023-03-31,421819.0978
2023-04-03,421819.0978
2023-04-04,421819.0978
2023-04-05,421819.0978
2023-04-06,421819.0978
2023-04-10,421819.0978
2023-04-11,421819.0978
2023-04-12,421819.0978
2023-04-13,421819.0978
2023-04-14,421819.0978
2023-04-17,421819.0978
2023-04-18,421819.0978
2023-04-19,421819.0978
2023-04-20,421819.0978
2023-04-21,421819.0978
2023-04-24,421819.0978
2023-04-25,421819.0978
2023-04-26,414278.9178
2023-04-27,438249.9378
2023-04-28,438249.9378
2023-05-01,438249.9378
2023-05-02,438249.9378
2023-05-03,427688.8578
2023-05-04,418263.3778
2023-05-05,440861.8178
2023-05-08,440408.6178
2023-05-09,434403.7178
2023-05-10,440295.3178
2023-05-11,438557.8978
2023-05-12,437424.7978
2023-05-15,440068.6978
2023-05-16,436140.6178
2023-05-17,442939.2178
2023-05-18,442939.2178
2023-05-19,442939.2178
2023-05-22,442939.2178
2023-05-23,442939.2178
2023-05-24,438683.8478
2023-05-25,449034.7478
2023-05-26,449034.7478
2023-05-30,449034.7478
2023-05-31,449034.7478
2023-06-01,460948.0878
2023-06-02,460948.0878
2023-06-05,460948.0878
2023-06-06,460948.0878
2023-06-07,460948.0878
2023-06-08,460948.0878
2023-06-09,460948.0878
2023-06-12,460948.0878
2023-06-13,460948.0878
2023-06-14,460948.0878
2023-06-15,460948.0878
2023-06-16,460948.0878
2023-06-20,460948.0878
2023-06-21,460948.0878
2023-06-22,468895.2578
2023-06-23,468895.2578
2023-06-26,464971.0378
2023-06-27,479713.3778
2023-06-28,479713.3778
2023-06-29,479713.3778
2023-06-30,479713.3778
2023-07-03,479713.3778
2023-07-05,479713.3778
2023-07-06,479713.3778
2023-07-07,479713.3778
2023-07-10,484759.6178
2023-07-11,484759.6178
2023-07-12,484759.6178
2023-07-13,484759.6178
2023-07-14,484759.6178
2023-07-17,484759.6178
2023-07-18,484759.6178
2023-07-19,484759.6178
2023-07-20,484759.6178
2023-07-21,484759.6178
2023-07-24,484759.6178
2023-07-25,484759.6178
2023-07-26,484759.6178
2023-07-27,484759.6178
2023-07-28,484759.6178
2023-07-31,484759.6178
2023-08-01,484759.6178
2023-08-02,484759.6178
2023-08-03,487572.4978
2023-08-04,487572.4978
2023-08-07,493914.7078
2023-08-08,493914.7078
2023-08-09,493914.7078
2023-08-10,486224.9578
2023-08-11,485302.1878
2023-08-14,492786.8778
2023-08-15,481712.5578
2023-08-16,474192.9578
2023-08-17,466946.7978
2023-08-18,467037.9578
2023-08-21,471048.9978
2023-08-22,469271.3778
2023-08-23,475789.3178
2023-08-24,475789.3178
2023-08-25,475789.3178
2023-08-28,475789.3178
2023-08-29,475789.3178
2023-08-30,475789.3178
2023-08-31,475789.3178
2023-09-01,475789.3178
2023-09-05,475789.3178
2023-09-06,475789.3178
2023-09-07,481591.4778
2023-09-08,481591.4778
2023-09-11,482301.1378
2023-09-12,482301.1378
2023-09-13,483537.4978
2023-09-14,487389.5578
2023-09-15,487389.5578
2023-09-18,489499.7578
2023-09-19,489499.7578
2023-09-20,489499.7578
2023-09-21,475080.1378
2023-09-22,471167.8378
2023-09-25,477315.7378
2023-09-26,462933.3778
2023-09-27,463455.0178
2023-09-28,468373.3378
2023-09-29,466733.8978
2023-10-02,466535.1778
2023-10-03,458188.9378
2023-10-04,462362.0578
2023-10-05,462707.4178
2023-10-06,462707.4178
2023-10-09,462707.4178
2023-10-10,462707.4178
2023-10-11,462707.4178
2023-10-12,462707.4178
2023-10-13,462707.4178
2023-10-16,462707.4178
2023-10-17,462707.4178
2023-10-18,462707.4178
2023-10-19,448635.8178
2023-10-20,431461.8178
2023-10-23,429356.6178
2023-10-24,435709.4378
2023-10-25,423003.7978
2023-10-26,412661.9978
2023-10-27,410100.9978
2023-10-30,416404.9978
2023-10-31,419704.7478
2023-11-01,425663.9978
2023-11-02,425663.9978
2023-11-03,425663.9978
2023-11-06,425663.9978
2023-11-07,425663.9978
2023-11-08,425663.9978
2023-11-09,425663.9978
2023-11-10,425663.9978
2023-11-13,425663.9978
2023-11-14,425663.9978
2023-11-15,425663.9978
2023-11-16,425663.9978
2023-11-17,425663.9978
2023-11-20,425663.9978
2023-11-21,425663.9978
2023-11-22,425663.9978
2023-11-24,425663.9978
2023-11-27,425663.9978
2023-11-28,425663.9978
2023-11-29,425663.9978
2023-11-30,425663.9978
2023-12-01,425663.9978
2023-12-04,425663.9978
2023-12-05,425663.9978
2023-12-06,425663.9978
2023-12-07,425663.9978
2023-12-08,425663.9978
2023-12-11,425663.9978
2023-12-12,425663.9978
2023-12-13,425663.9978
2023-12-14,425663.9978
2023-12-15,425663.9978
2023-12-18,425663.9978
2023-12-19,425663.9978
2023-12-20,425663.9978
2023-12-21,429241.4978
2023-12-22,429241.4978
2023-12-26,429241.4978
2023-12-27,429241.4978
2023-12-28,429241.4978
2023-12-29,429241.4978
2024-01-02,429241.4978
2024-01-03,429241.4978
2024-01-04,426529.5578
2024-01-05,428173.1578
2024-01-08,446006.2178
2024-01-09,446006.2178
2024-01-10,446006.2178
2024-01-11,446006.2178
2024-01-12,446006.2178
2024-01-16,446006.2178
2024-01-17,446006.2178
2024-01-18,453048.4678
2024-01-19,453048.4678
2024-01-22,453048.4678
2024-01-23,453048.4678
2024-01-24,453048.4678
2024-01-25,453048.4678
2024-01-26,453048.4678
2024-01-29,453048.4678
2024-01-30,453048.4678
2024-01-31,453048.4678
2024-02-01,465971.1078
2024-02-02,465971.1078
2024-02-05,465971.1078
2024-02-06,465971.1078
2024-02-07,465971.1078
2024-02-08,465971.1078
2024-02-09,465971.1078
2024-02-12,465971.1078
2024-02-13,465971.1078
2024-02-14,470763.9722
2024-02-15,478197.8005
2024-02-16,478197.8005
2024-02-20,475161.6129
2024-02-21,476251.6086
2024-02-22,505602.5686
2024-02-23,505602.5686
2024-02-26,505602.5686
2024-02-27,505602.5686
2024-02-28,505602.5686
2024-02-29,505602.5686
2024-03-01,505602.5686
2024-03-04,505602.5686
2024-03-05,505602.5686
2024-03-06,503296.7691
2024-03-07,517897.9522
2024-03-08,517897.9522
2024-03-11,520424.3723
2024-03-12,520424.3723
2024-03-13,520424.3723
2024-03-14,520424.3723
2024-03-15,520424.3723
2024-03-18,520424.3723
2024-03-19,520424.3723
2024-03-20,520424.3723
2024-03-21,520424.3723
2024-03-22,520424.3723
2024-03-25,520424.3723
2024-03-26,520424.3723
2024-03-27,524585.7926
2024-03-28,524585.7926
2024-04-01,524585.7926
2024-04-02,524585.7926
2024-04-03,529653.7437
2024-04-04,498118.5555
2024-04-05,513585.7026
2024-04-08,514036.2225
2024-04-09,515237.5587
2024-04-10,505126.3249
2024-04-11,512234.2433
2024-04-12,502555.8908
2024-04-15,494446.0763
2024-04-16,493111.1588
2024-04-17,489406.6658
2024-04-18,481875.3195
2024-04-19,469031.7512
2024-04-22,481637.4256
2024-04-23,493160.3683
2024-04-24,493160.3683
2024-04-25,493160.3683
2024-04-26,493160.3683
2024-04-29,493160.3683
2024-04-30,493160.3683
2024-05-01,489691.4572
2024-05-02,503162.8443
2024-05-03,503162.8443
2024-05-06,503162.8443
2024-05-07,503162.8443
2024-05-08,503162.8443
2024-05-09,503162.8443
2024-05-10,503162.8443
2024-05-13,503162.8443
2024-05-14,503162.8443
2024-05-15,503162.8443
2024-05-16,503162.8443
2024-05-17,503162.8443
2024-05-20,503162.8443
2024-05-21,503162.8443
2024-05-22,503162.8443
2024-05-23,503162.8443
2024-05-24,503162.8443
2024-05-28,501896.2602
2024-05-29,491062.8844
2024-05-30,481003.301
2024-05-31,489446.0402
2024-06-03,490243.4152
2024-06-04,491087.7362
2024-06-05,498905.157
2024-06-06,498905.157
2024-06-07,498905.157
2024-06-10,498905.157
2024-06-11,498905.157
2024-06-12,498905.157
2024-06-13,498905.157
2024-06-14,498905.157
2024-06-17,498905.157
2024-06-18,498905.157
2024-06-20,498905.157
2024-06-21,498905.157
2024-06-24,498905.157
2024-06-25,498905.157
2024-06-26,498905.157
2024-06-27,498905.157
2024-06-28,498905.157
2024-07-01,498905.157
2024-07-02,498905.157
2024-07-03,498905.157
2024-07-05,498905.157
2024-07-08,498905.157
2024-07-09,498905.157
2024-07-10,498905.157
2024-07-11,498905.157
2024-07-12,498905.157
2024-07-15,498905.157
2024-07-16,498905.157
2024-07-17,498905.157
2024-07-18,483104.217
2024-07-19,472933.497
2024-07-22,487644.717
2024-07-23,485949.597
2024-07-24,463832.317
2024-07-25,458908.397
2024-07-26,465420.617
2024-07-29,465608.987
2024-07-30,462460.517
2024-07-31,471852.107
2024-08-01,471852.107
2024-08-02,471852.107
2024-08-05,489446.987
2024-08-06,489446.987
2024-08-07,489446.987
2024-08-08,489446.987
2024-08-09,489446.987
2024-08-12,489446.987
2024-08-13,489446.987
2024-08-14,489446.987
2024-08-15,489446.987
2024-08-16,489446.987
2024-08-19,489446.987
2024-08-20,489446.987
2024-08-21,489446.987
2024-08-22,489446.987
2024-08-23,489446.987
2024-08-26,489446.987
2024-08-27,489446.987
2024-08-28,489446.987
2024-08-29,484183.487
2024-08-30,497311.987
2024-09-03,497311.987
2024-09-04,497311.987
2024-09-05,497311.987
2024-09-06,497311.987
2024-09-09,501825.777
2024-09-10,501825.777
2024-09-11,501825.777
2024-09-12,501825.777
2024-09-13,501825.777
2024-09-16,501825.777
2024-09-17,501825.777
2024-09-18,501825.777
2024-09-19,501825.777
2024-09-20,501825.777
2024-09-23,501825.777
2024-09-24,501825.777
2024-09-25,501825.777
2024-09-26,501825.777
2024-09-27,501825.777
2024-09-30,501825.777
2024-10-01,501825.777
2024-10-02,501825.777
2024-10-03,501825.777
2024-10-04,501825.777
2024-10-07,501825.777
2024-10-08,501825.777
2024-10-09,501825.777
2024-10-10,501825.777
2024-10-11,501825.777
2024-10-14,501825.777
2024-10-15,501825.777
2024-10-16,508252.087
2024-10-17,508252.087
2024-10-18,508252.087
2024-10-21,508252.087
2024-10-22,508252.087
2024-10-23,508252.087
2024-10-24,506059.867
2024-10-25,505079.137
2024-10-28,509636.647
2024-10-29,509636.647
2024-10-30,509636.647
2024-10-31,490644.647
2024-11-01,496579.647
2024-11-04,493196.697
2024-11-05,505067.697
2024-11-06,505067.697
2024-11-07,505067.697
2024-11-08,505067.697
2024-11-11,505067.697
2024-11-12,505067.697
2024-11-13,504696.487
2024-11-14,494779.877
2024-11-15,475264.837
2024-11-18,479119.077
2024-11-19,482619.717
2024-11-20,482796.517
2024-11-21,486144.877
2024-11-22,487960.537
2024-11-25,490129.897
2024-11-26,493714.057
2024-11-27,493714.057
2024-11-29,493714.057
2024-12-02,493714.057
2024-12-03,493714.057
2024-12-04,493714.057
2024-12-05,493714.057
2024-12-06,493714.057
2024-12-09,493714.057
2024-12-10,493714.057
2024-12-11,498032.117
2024-12-12,498032.117
2024-12-13,498032.117
2024-12-16,500008.7432
2024-12-17,500008.7432
2024-12-18,456450.8647
2024-12-19,455422.3526
2024-12-20,470541.6968
2024-12-23,476678.4924
2024-12-24,486889.3524
2024-12-26,486854.9724
2024-12-27,479841.4524
2024-12-30,472392.4524
2024-12-31,470054.6124
2025-01-02,468358.5324
2025-01-03,468358.5324
2025-01-06,468358.5324
2025-01-07,468358.5324
2025-01-08,470032.4524
2025-01-10,470032.4524
2025-01-13,484376.2024
2025-01-14,484376.2024
2025-01-15,484376.2024
2025-01-16,484376.2024
2025-01-17,484376.2024
2025-01-21,484376.2024
2025-01-22,484376.2024
2025-01-23,484376.2024
2025-01-24,484376.2024
2025-01-27,484376.2024
2025-01-28,484376.2024
2025-01-29,484376.2024
2025-01-30,484376.2024
2025-01-31,484376.2024
2025-02-03,484376.2024
2025-02-04,484376.2024
2025-02-05,484376.2024
2025-02-06,484376.2024
2025-02-07,484376.2024
2025-02-10,484376.2024
2025-02-11,484376.2024
2025-02-12,484376.2024
2025-02-13,484376.2024
2025-02-14,484376.2024
2025-02-18,484376.2024
2025-02-19,484376.2024
2025-02-20,484376.2024
2025-02-21,484376.2024
2025-02-24,473017.6024
2025-02-25,465531.2524
2025-02-26,466047.5524
2025-02-27,451212.5324
2025-02-28,464636.3324
2025-03-03,448803.1324
2025-03-04,441573.8824
2025-03-05,447472.0324
2025-03-06,437236.3324
2025-03-07,439944.4324
2025-03-10,423505.8424
2025-03-11,412885.7224
2025-03-12,418930.1524
2025-03-13,407782.7924
2025-03-14,423938.9324
2025-03-17,430341.1324
2025-03-18,424189.1824
2025-03-19,430039.8124
2025-03-20,428633.6524
2025-03-21,428633.6524
2025-03-24,428633.6524
2025-03-25,428633.6524
2025-03-26,428633.6524
2025-03-27,428079.7524
2025-03-28,402378.7924
2025-03-31,409357.9324
2025-04-01,412016.8924
2025-04-02,417224.0224
2025-04-03,376970.3224
2025-04-04,349125.1024
2025-04-07,347229.3624
2025-04-08,341320.5624
2025-04-09,376182.4824
2025-04-10,376182.4824
2025-04-11,376182.4824
2025-04-14,376182.4824
2025-04-15,376182.4824
2025-04-16,376182.4824
2025-04-17,376182.4824
2025-04-21,360469.6024
2025-04-22,387501.0824
2025-04-23,387501.0824
2025-04-24,387501.0824
2025-04-25,387501.0824
2025-04-28,387501.0824
2025-04-29,387501.0824
2025-04-30,387501.0824
2025-05-01,387501.0824
2025-05-02,387501.0824
2025-05-05,387501.0824
2025-05-06,387501.0824
2025-05-07,389790.5224
2025-05-08,389134.3624
2025-05-09,387384.6024
2025-05-12,425387.2024
2025-05-13,425387.2024
2025-05-14,425387.2024
2025-05-15,425387.2024
2025-05-16,425387.2024
2025-05-19,425387.2024
2025-05-20,425387.2024
2025-05-21,425387.2024
2025-05-22,426046.4824
2025-05-23,426046.4824
2025-05-27,436613.5324
2025-05-28,436613.5324
2025-05-29,436613.5324
2025-05-30,436613.5324
2025-06-02,436613.5324
2025-06-03,436613.5324
2025-06-04,436613.5324
2025-06-05,436613.5324
2025-06-06,436613.5324
2025-06-09,436613.5324
2025-06-10,436613.5324
2025-06-11,436613.5324
2025-06-12,436613.5324
2025-06-13,436613.5324
2025-06-16,441612.7443
2025-06-17,441612.7443
2025-06-18,439482.5367
2025-06-20,435648.6542
2025-06-23,448588.2546
2025-06-24,448588.2546
2025-06-25,448588.2546
2025-06-26,448588.2546
2025-06-27,448588.2546
2025-06-30,448588.2546
2025-07-01,448588.2546
2025-07-02,448588.2546
2025-07-03,448588.2546
2025-07-07,448588.2546
2025-07-08,448588.2546
2025-07-09,448588.2546
2025-07-10,448588.2546
2025-07-11,448588.2546
2025-07-14,448588.2546
2025-07-15,448588.2546
2025-07-16,448588.2546
2025-07-17,448588.2546
2025-07-18,448588.2546
2025-07-21,448588.2546
2025-07-22,448588.2546
2025-07-23,448588.2546
2025-07-24,448588.2546
2025-07-25,448588.2546
2025-07-28,448588.2546
2025-07-29,448588.2546
2025-07-30,445453.5846
2025-07-31,440001.9846
2025-08-01,418104.7246
2025-08-04,430584.2046
2025-08-05,426313.3146
2025-08-06,432522.7646
2025-08-07,432159.1646
2025-08-08,436502.1646
2025-08-11,436502.1646
2025-08-12,436502.1646
2025-08-13,436502.1646
2025-08-14,436502.1646
2025-08-15,436502.1646
2025-08-18,436502.1646
2025-08-19,436502.1646
2025-08-20,433692.5646
2025-08-21,428644.0646
2025-08-22,447696.6646
2025-08-25,447696.6646
2025-08-26,447696.6646
2025-08-27,447696.6646
2025-08-28,447696.6646
2025-08-29,447696.6646
2025-09-02,447696.6646
2025-09-03,447696.6646
2025-09-04,447696.6646
2025-09-05,447696.6646
2025-09-08,447696.6646
2025-09-09,447696.6646
2025-09-10,447696.6646
2025-09-11,447696.6646
2025-09-12,447696.6646
2025-09-15,447696.6646
2025-09-16,447696.6646
2025-09-17,447696.6646
2025-09-18,448352.8765
2025-09-19,448352.8765
2025-09-22,448352.8765
2025-09-23,448352.8765
2025-09-24,448352.8765
2025-09-25,448436.1565
2025-09-26,448436.1565
2025-09-29,446977.7965
2025-09-30,451717.4665
2025-10-01,451717.4665
2025-10-02,451717.4665
2025-10-03,451717.4665
2025-10-06,451717.4665
2025-10-07,451717.4665
2025-10-08,457253.8365
2025-10-09,457253.8365
2025-10-10,457253.8365
2025-10-13,462204.1065
2025-10-14,462204.1065
2025-10-15,462204.1065
2025-10-16,462204.1065
2025-10-17,462204.1065
2025-10-20,462204.1065
2025-10-21,462204.1065
2025-10-22,462204.1065
2025-10-23,462204.1065
2025-10-24,462204.1065
2025-10-27,462204.1065
2025-10-28,462204.1065
2025-10-29,462204.1065
2025-10-30,462204.1065
2025-10-31,462204.1065
2025-11-03,457692.5865
2025-11-04,441420.2665
2025-11-05,445276.2665
2025-11-06,435763.5665
2025-11-07,436509.1565
2025-11-10,449544.1265
2025-11-11,450932.4665
2025-11-12,451275.2665
2025-11-13,441196.9465
2025-11-14,440905.5665
2025-11-17,432878.0865
2025-11-18,422068.8065
2025-11-19,426559.4265
2025-11-20,413468.4265
2025-11-21,421418.4265
2025-11-24,433687.9265
2025-11-25,439006.5965
2025-11-26,439006.5965
2025-11-28,439006.5965
2025-12-01,439006.5965
2025-12-02,439006.5965
2025-12-03,439006.5965
2025-12-04,439006.5965
2025-12-05,439006.5965
2025-12-08,439006.5965
2025-12-09,439006.5965
2025-12-10,439006.5965
2025-12-11,439006.5965
2025-12-12,439006.5965
2025-12-15,429462.126
2025-12-16,425808.3378
2025-12-17,411603.2786
2025-12-18,417743.4877
2025-12-19,425076.8965
2025-12-22,430272.4332
2025-12-23,430272.4332
2025-12-24,430272.4332
2025-12-26,430272.4332
2025-12-29,430272.4332
2025-12-30,430272.4332
2025-12-31,430272.4332
2026-01-02,430272.4332
2026-01-05,432423.5732
2026-01-06,432423.5732
2026-01-07,432423.5732
2026-01-08,432423.5732
2026-01-09,432423.5732
2026-01-12,432423.5732
2026-01-13,432423.5732
2026-01-14,432423.5732
2026-01-15,428021.5732
